C,N,O,H,S,F,Cl,NumAtoms,AtomIsInRing,AtomIsAromatic,NumBonds,BondIsConjugated,BondIsAromatic,NumRotatableBonds,fr_C_O_noCOO,fr_Al_COO,fr_Ar_COO,fr_Al_OH,fr_Ar_OH,fr_NH2,fr_SH,fr_sulfide,fr_alkyl_halide,ExactMolWt,FpDensityMorgan3,MolLogP,MolMR,FractionCSP3,has_CN(C)C,has_CNC,has_C=NC,has_Thiophene,has_Pyrrole,has_Benzimidazole,has_Benzothiophene,has_Naphthalene,has_Biphenyl,has_Triphenylamine,dipole,homo,lumo,gap,energy,a,b,c,PCE,Jsc,Voc,FF,MolFormular,SMILES
53.0,2.0,4.0,44.0,0.0,0.0,0.0,103.0,49.0,48.0,111.0,61.0,48.0,16.0,0.0,0.0,0.0,0.0,0.0,0.0,0.0,0.0,0.0,772.3301078880008,0.8813559322033898,13.565799999999983,241.12999999999965,0.09433962264150944,2.0,6.0,0.0,0.0,0.0,0.0,0.0,0.0,3.0,0.0,1.5379933054,-4.52107,-1.0958,3.42527,-66756.05342808146,0.005266379240684865,0.0005118439834168323,0.0004702319346078876,14.65352,19.9255,0.969192061296921,0.758792247497908,C53H44N2O4,[H]c1c([H])c(N(c2c([H])c([H])c(OC([H])([H])[H])c([H])c2[H])c2c([H])c([H])c(-c3c([H])c([H])c4c(c3[H])C([H])([H])c3c([H])c(-c5c([H])c([H])c(N(c6c([H])c([H])c(OC([H])([H])[H])c([H])c6[H])c6c([H])c([H])c(OC([H])([H])[H])c([H])c6[H])c([H])c5[H])c([H])c([H])c3-4)c([H])c2[H])c([H])c([H])c1OC([H])([H])[H]
46.0,3.0,4.0,41.0,0.0,0.0,0.0,94.0,42.0,42.0,100.0,54.0,42.0,17.0,0.0,0.0,0.0,0.0,0.0,0.0,0.0,0.0,0.0,699.309706792001,1.0377358490566038,11.69801999999999,215.41999999999973,0.10869565217391304,2.0,6.0,0.0,0.0,0.0,0.0,0.0,0.0,0.0,0.0,1.4170976769,-4.50972,-1.0615,3.44822,-60945.71639994958,0.005483563199816142,0.0007649480603230428,0.0007097961559737659,13.6253333333333,19.3848333333333,0.936152371998422,0.750824650021253,C46H41N3O4,[H]c1c(-c2c([H])c([H])c(N(c3c([H])c([H])c(OC([H])([H])[H])c([H])c3[H])c3c([H])c([H])c(OC([H])([H])[H])c([H])c3[H])c([H])c2[H])nc(C([H])([H])[H])c(-c2c([H])c([H])c(N(c3c([H])c([H])c(OC([H])([H])[H])c([H])c3[H])c3c([H])c([H])c(OC([H])([H])[H])c([H])c3[H])c([H])c2[H])c1[H]
53.0,2.0,5.0,42.0,0.0,0.0,0.0,102.0,49.0,48.0,110.0,64.0,48.0,16.0,1.0,0.0,0.0,0.0,0.0,0.0,0.0,0.0,0.0,786.3093724440008,0.85,13.205999999999984,241.75649999999968,0.07547169811320754,2.0,6.0,0.0,0.0,0.0,0.0,0.0,0.0,3.0,0.0,0.1374228183,-4.61707,-2.19951,2.41756,-68767.9583284884,0.005044535489226615,0.0005218568895140785,0.0004772164577937184,15.3908,21.2718333333333,0.969526821720342,0.746270792949397,C53H42N2O5,[H]c1c([H])c(N(c2c([H])c([H])c(OC([H])([H])[H])c([H])c2[H])c2c([H])c([H])c(-c3c([H])c([H])c4c(c3[H])C(=O)c3c([H])c(-c5c([H])c([H])c(N(c6c([H])c([H])c(OC([H])([H])[H])c([H])c6[H])c6c([H])c([H])c(OC([H])([H])[H])c([H])c6[H])c([H])c5[H])c([H])c([H])c3-4)c([H])c2[H])c([H])c([H])c1OC([H])([H])[H]
45.0,3.0,4.0,39.0,0.0,0.0,0.0,91.0,42.0,42.0,97.0,54.0,42.0,16.0,0.0,0.0,0.0,0.0,0.0,0.0,0.0,0.0,0.0,685.2940567280009,0.9807692307692307,11.38959999999999,210.6829999999997,0.08888888888888889,2.0,6.0,0.0,0.0,0.0,0.0,0.0,0.0,0.0,0.0,1.3917446925,-4.49454,-1.20065,3.29389,-59877.46786127916,0.005562521926940445,0.0007848126173516924,0.0006985669264552955,12.89492,19.1323333333333,0.907475988213601,0.742703671653976,C45H39N3O4,[H]c1nc(-c2c([H])c([H])c(N(c3c([H])c([H])c(OC([H])([H])[H])c([H])c3[H])c3c([H])c([H])c(OC([H])([H])[H])c([H])c3[H])c([H])c2[H])c([H])c([H])c1-c1c([H])c([H])c(N(c2c([H])c([H])c(OC([H])([H])[H])c([H])c2[H])c2c([H])c([H])c(OC([H])([H])[H])c([H])c2[H])c([H])c1[H]
47.0,2.0,4.0,42.0,0.0,0.0,0.0,95.0,42.0,42.0,101.0,54.0,42.0,17.0,0.0,0.0,0.0,0.0,0.0,0.0,0.0,0.0,0.0,698.3144578240009,0.9811320754716981,12.303019999999988,217.62499999999972,0.10638297872340426,2.0,6.0,0.0,0.0,0.0,0.0,0.0,0.0,2.0,0.0,0.3116693296,-4.52402,-0.74921,3.77481,-60509.5196835632,0.005454101562098626,0.0007746835572523263,0.0006909752751632328,15.3956,21.0443333333333,0.953545517386469,0.767220180746633,C47H42N2O4,[H]c1c([H])c(N(c2c([H])c([H])c(OC([H])([H])[H])c([H])c2[H])c2c([H])c([H])c(-c3c([H])c([H])c(-c4c([H])c([H])c(N(c5c([H])c([H])c(OC([H])([H])[H])c([H])c5[H])c5c([H])c([H])c(OC([H])([H])[H])c([H])c5[H])c([H])c4[H])c(C([H])([H])[H])c3[H])c([H])c2[H])c([H])c([H])c1OC([H])([H])[H]
46.0,3.0,6.0,38.0,0.0,1.0,0.0,94.0,42.0,42.0,100.0,57.0,42.0,17.0,0.0,0.0,0.0,0.0,0.0,0.0,0.0,0.0,0.0,747.2744641560007,1.0535714285714286,12.04189999999999,219.50039999999973,0.08695652173913043,2.0,6.0,0.0,0.0,0.0,0.0,0.0,0.0,2.0,0.0,1.6632532527,-4.66289,-2.06132,2.60157,-67696.80940298576,0.004814793602532403,0.0008023185350421129,0.0006969203151108197,15.64794,20.7918333333333,0.970325460042217,0.77561635841695,C46H38FN3O6,[H]c1c([H])c(N(c2c([H])c([H])c(OC([H])([H])[H])c([H])c2[H])c2c([H])c([H])c(-c3c([H])c([N+](=O)[O-])c(-c4c([H])c([H])c(N(c5c([H])c([H])c(OC([H])([H])[H])c([H])c5[H])c5c([H])c([H])c(OC([H])([H])[H])c([H])c5[H])c([H])c4[H])c([H])c3F)c([H])c2[H])c([H])c([H])c1OC([H])([H])[H]
50.0,2.0,4.0,42.0,0.0,0.0,0.0,98.0,46.0,46.0,105.0,59.0,47.0,16.0,0.0,0.0,0.0,0.0,0.0,0.0,0.0,0.0,0.0,734.3144578240009,0.8214285714285714,13.147799999999982,230.39399999999966,0.08,2.0,6.0,0.0,0.0,0.0,0.0,0.0,1.0,2.0,0.0,0.4321201203,-4.5376,-1.08163,3.45597,-63616.33214367876,0.005041032698023211,0.0007751335988652989,0.0006845088303060188,15.7872,21.6118333333333,0.954858225853392,0.765023202966358,C50H42N2O4,[H]c1c([H])c(N(c2c([H])c([H])c(OC([H])([H])[H])c([H])c2[H])c2c([H])c([H])c(-c3c([H])c([H])c(-c4c([H])c([H])c(N(c5c([H])c([H])c(OC([H])([H])[H])c([H])c5[H])c5c([H])c([H])c(OC([H])([H])[H])c([H])c5[H])c([H])c4[H])c4c([H])c([H])c([H])c([H])c34)c([H])c2[H])c([H])c([H])c1OC([H])([H])[H]
43.0,3.0,4.0,37.0,1.0,0.0,0.0,88.0,41.0,41.0,94.0,53.0,41.0,16.0,0.0,0.0,0.0,0.0,0.0,0.0,0.0,0.0,0.0,691.2504776640008,1.0392156862745099,11.45109999999999,208.55999999999972,0.09302325581395349,2.0,6.0,0.0,0.0,0.0,0.0,0.0,0.0,0.0,0.0,1.6234971329,-4.44453,-1.44365,3.00088,-68604.28689081498,0.005272704311531022,0.000860710843277529,0.0007513166435091196,12.6698333333333,19.712,0.892852531803385,0.719880611676578,C43H37N3O4S,[H]c1nc(-c2c([H])c([H])c(N(c3c([H])c([H])c(OC([H])([H])[H])c([H])c3[H])c3c([H])c([H])c(OC([H])([H])[H])c([H])c3[H])c([H])c2[H])sc1-c1c([H])c([H])c(N(c2c([H])c([H])c(OC([H])([H])[H])c([H])c2[H])c2c([H])c([H])c(OC([H])([H])[H])c([H])c2[H])c([H])c1[H]
47.0,2.0,5.0,42.0,0.0,0.0,0.0,96.0,42.0,42.0,102.0,55.0,42.0,18.0,0.0,0.0,0.0,0.0,0.0,0.0,0.0,0.0,0.0,714.3093724440009,0.9629629629629629,12.00319999999999,219.4399999999997,0.10638297872340426,2.0,6.0,0.0,0.0,0.0,0.0,0.0,0.0,2.0,0.0,4.0246555431,-4.43817,-0.83024,3.607930000000001,-62553.65757196079,0.00515229203756674,0.0007867366655078547,0.0006912989489401584,14.9758,19.8938333333333,1.00117905488731,0.751899508434698,C47H42N2O5,[H]c1c([H])c(N(c2c([H])c([H])c(OC([H])([H])[H])c([H])c2[H])c2c([H])c([H])c(-c3c([H])c([H])c(-c4c([H])c([H])c(N(c5c([H])c([H])c(OC([H])([H])[H])c([H])c5[H])c5c([H])c([H])c(OC([H])([H])[H])c([H])c5[H])c([H])c4[H])c(OC([H])([H])[H])c3[H])c([H])c2[H])c([H])c([H])c1OC([H])([H])[H]
46.0,2.0,4.0,40.0,0.0,0.0,0.0,92.0,42.0,42.0,98.0,54.0,42.0,16.0,0.0,0.0,0.0,0.0,0.0,0.0,0.0,0.0,0.0,684.2988077600008,0.6538461538461539,11.99459999999999,212.8879999999997,0.08695652173913043,2.0,6.0,0.0,0.0,0.0,0.0,0.0,0.0,2.0,0.0,0.0265187498,-4.50561,-0.87434,3.63127,-59441.35759941185,0.005590591271901178,0.0007769806597505723,0.0006897413722923391,12.9106266666667,18.8638333333333,0.908114354031057,0.753662370325359,C46H40N2O4,[H]c1c([H])c(N(c2c([H])c([H])c(OC([H])([H])[H])c([H])c2[H])c2c([H])c([H])c(-c3c([H])c([H])c(-c4c([H])c([H])c(N(c5c([H])c([H])c(OC([H])([H])[H])c([H])c5[H])c5c([H])c([H])c(OC([H])([H])[H])c([H])c5[H])c([H])c4[H])c([H])c3[H])c([H])c2[H])c([H])c([H])c1OC([H])([H])[H]
46.0,3.0,4.0,41.0,0.0,0.0,0.0,94.0,42.0,42.0,100.0,54.0,42.0,17.0,0.0,0.0,0.0,0.0,0.0,0.0,0.0,0.0,0.0,699.309706792001,0.9056603773584906,11.69801999999999,215.41999999999973,0.10869565217391304,2.0,6.0,0.0,0.0,0.0,0.0,0.0,0.0,0.0,0.0,3.4020978721,-4.65273,-0.68886,3.96387,-60945.40436284991,0.004895839225216031,0.0009495210820853127,0.0008160266431697171,17.18667999999999,22.045,0.9668951871498238,0.8063108228707,C46H41N3O4,[H]c1nc([H])c(-c2c([H])c([H])c(N(c3c([H])c([H])c(OC([H])([H])[H])c([H])c3[H])c3c([H])c([H])c(OC([H])([H])[H])c([H])c3[H])c([H])c2[H])c(C([H])([H])[H])c1-c1c([H])c([H])c(N(c2c([H])c([H])c(OC([H])([H])[H])c([H])c2[H])c2c([H])c([H])c(OC([H])([H])[H])c([H])c2[H])c([H])c1[H]
45.0,3.0,6.0,39.0,1.0,0.0,0.0,94.0,41.0,41.0,100.0,56.0,41.0,18.0,1.0,0.0,0.0,0.0,0.0,0.0,0.0,0.0,0.0,749.2559569680006,1.1454545454545455,11.237699999999991,219.8994999999997,0.1111111111111111,2.0,6.0,0.0,0.0,0.0,0.0,0.0,0.0,0.0,0.0,3.1148097511,-4.53041,-1.55219,2.97822,-74797.33361068567,0.00428294485503937,0.000863781771355851,0.0007364562852549144,14.8729333333333,21.0616666666667,0.925053650251033,0.763373315982562,C45H39N3O6S,[H]c1c([H])c(N(c2c([H])c([H])c(OC([H])([H])[H])c([H])c2[H])c2c([H])c([H])c(-c3nc(C(=O)OC([H])([H])[H])c(-c4c([H])c([H])c(N(c5c([H])c([H])c(OC([H])([H])[H])c([H])c5[H])c5c([H])c([H])c(OC([H])([H])[H])c([H])c5[H])c([H])c4[H])s3)c([H])c2[H])c([H])c([H])c1OC([H])([H])[H]
65.0,2.0,4.0,50.0,0.0,0.0,0.0,121.0,61.0,60.0,132.0,74.0,60.0,16.0,0.0,0.0,0.0,0.0,0.0,0.0,0.0,0.0,0.0,922.377058080001,0.8732394366197183,16.33809999999998,289.1859999999999,0.07692307692307693,2.0,6.0,0.0,0.0,0.0,0.0,0.0,0.0,4.0,0.0,1.1391689501,-4.51573,-1.16597,3.34976,-79281.10684879881,0.003950219485381008,0.0005039303989404071,0.0004630307695266274,17.47297999999999,22.7545,0.9672753981453316,0.7938702750334682,C65H50N2O4,[H]c1c([H])c([H])c2c(c1[H])-c1c([H])c([H])c([H])c([H])c1C21c2c([H])c(-c3c([H])c([H])c(N(c4c([H])c([H])c(OC([H])([H])[H])c([H])c4[H])c4c([H])c([H])c(OC([H])([H])[H])c([H])c4[H])c([H])c3[H])c([H])c([H])c2-c2c([H])c([H])c(-c3c([H])c([H])c(N(c4c([H])c([H])c(OC([H])([H])[H])c([H])c4[H])c4c([H])c([H])c(OC([H])([H])[H])c([H])c4[H])c([H])c3[H])c([H])c21
52.0,2.0,4.0,44.0,0.0,0.0,0.0,102.0,48.0,48.0,109.0,61.0,48.0,17.0,0.0,0.0,0.0,0.0,0.0,0.0,0.0,0.0,0.0,760.3301078880008,0.5862068965517241,13.661599999999984,238.32399999999961,0.07692307692307693,2.0,6.0,0.0,0.0,0.0,0.0,0.0,0.0,3.0,0.0,0.0082936445,-4.57035,-1.05537,3.51498,-65720.21353198703,0.005482342135274793,0.0004904640993628601,0.0004549709607564838,17.68941999999999,22.93216666666667,0.9657705232837248,0.7987199976616989,C52H44N2O4,[H]c1c([H])c(N(c2c([H])c([H])c(OC([H])([H])[H])c([H])c2[H])c2c([H])c([H])c(-c3c([H])c([H])c(-c4c([H])c([H])c(-c5c([H])c([H])c(N(c6c([H])c([H])c(OC([H])([H])[H])c([H])c6[H])c6c([H])c([H])c(OC([H])([H])[H])c([H])c6[H])c([H])c5[H])c([H])c4[H])c([H])c3[H])c([H])c2[H])c([H])c([H])c1OC([H])([H])[H]
52.0,3.0,4.0,43.0,0.0,0.0,0.0,102.0,49.0,49.0,110.0,63.0,51.0,16.0,0.0,0.0,0.0,0.0,0.0,0.0,0.0,0.0,0.0,773.3253568560009,0.8813559322033898,13.62909999999998,242.25069999999965,0.07692307692307693,2.0,6.0,0.0,0.0,1.0,0.0,0.0,0.0,2.0,0.0,2.7040385078,-4.50919,-1.03208,3.47711,-67192.51592327251,0.005206990846571163,0.0005186107819128695,0.0004755119965724694,15.748086666666651,22.340666666666667,0.8960757258048507,0.7866597953037301,C52H43N3O4,[H]c1c([H])c(N(c2c([H])c([H])c(OC([H])([H])[H])c([H])c2[H])c2c([H])c([H])c(-c3c([H])c([H])c4c5c([H])c([H])c(-c6c([H])c([H])c(N(c7c([H])c([H])c(OC([H])([H])[H])c([H])c7[H])c7c([H])c([H])c(OC([H])([H])[H])c([H])c7[H])c([H])c6[H])c([H])c5n([H])c4c3[H])c([H])c2[H])c([H])c([H])c1OC([H])([H])[H]
50.0,2.0,4.0,48.0,0.0,0.0,0.0,104.0,42.0,42.0,110.0,54.0,42.0,20.0,0.0,0.0,0.0,0.0,0.0,0.0,0.0,0.0,0.0,740.361408016001,0.7321428571428571,13.228279999999986,231.83599999999961,0.16,2.0,6.0,0.0,0.0,0.0,0.0,0.0,0.0,2.0,0.0,0.011759865,-4.57714,-0.47627,4.10087,-63713.9017948048,0.005158280081068061,0.0007336145954714571,0.0007210003808247029,16.120666666666654,22.3135,0.9104335348311724,0.7935367686949607,C50H48N2O4,[H]c1c([H])c(N(c2c([H])c([H])c(OC([H])([H])[H])c([H])c2[H])c2c([H])c([H])c(-c3c(C([H])([H])[H])c(C([H])([H])[H])c(-c4c([H])c([H])c(N(c5c([H])c([H])c(OC([H])([H])[H])c([H])c5[H])c5c([H])c([H])c(OC([H])([H])[H])c([H])c5[H])c([H])c4[H])c(C([H])([H])[H])c3C([H])([H])[H])c([H])c2[H])c([H])c([H])c1OC([H])([H])[H]
46.0,2.0,4.0,38.0,0.0,2.0,0.0,92.0,42.0,42.0,98.0,54.0,42.0,16.0,0.0,0.0,0.0,0.0,0.0,0.0,0.0,0.0,0.0,720.2799641360008,0.8148148148148148,12.272799999999988,212.80399999999975,0.08695652173913043,2.0,6.0,0.0,0.0,0.0,0.0,0.0,0.0,2.0,0.0,0.1316508593,-4.58349,-1.24082,3.34267,-64836.16407534359,0.004857946242733597,0.0008167669749328432,0.0007075719418090534,15.04413333333332,20.787333333333333,0.931378875714626,0.777037556472657,C46H38F2N2O4,[H]c1c([H])c(N(c2c([H])c([H])c(OC([H])([H])[H])c([H])c2[H])c2c([H])c([H])c(-c3c([H])c(F)c(-c4c([H])c([H])c(N(c5c([H])c([H])c(OC([H])([H])[H])c([H])c5[H])c5c([H])c([H])c(OC([H])([H])[H])c([H])c5[H])c([H])c4[H])c([H])c3F)c([H])c2[H])c([H])c([H])c1OC([H])([H])[H]
52.0,2.0,4.0,36.0,0.0,8.0,0.0,102.0,48.0,48.0,109.0,61.0,48.0,17.0,0.0,0.0,0.0,0.0,0.0,0.0,0.0,0.0,0.0,904.2547333920006,0.6666666666666666,14.774399999999982,237.98799999999977,0.07692307692307693,2.0,6.0,0.0,0.0,0.0,0.0,0.0,0.0,3.0,0.0,0.0047363459,-4.80147,-1.51241,3.28906,-87298.47927529133,0.004496213014334319,0.0004754306860499187,0.0004733970775505358,16.73783999999999,21.724,0.9662229822775712,0.7974110594022649,C52H36F8N2O4,[H]c1c([H])c(N(c2c([H])c([H])c(OC([H])([H])[H])c([H])c2[H])c2c([H])c([H])c(-c3c(F)c(F)c(-c4c(F)c(F)c(-c5c([H])c([H])c(N(c6c([H])c([H])c(OC([H])([H])[H])c([H])c6[H])c6c([H])c([H])c(OC([H])([H])[H])c([H])c6[H])c([H])c5[H])c(F)c4F)c(F)c3F)c([H])c2[H])c([H])c([H])c1OC([H])([H])[H]
48.0,2.0,4.0,40.0,2.0,0.0,0.0,96.0,46.0,46.0,103.0,59.0,46.0,17.0,0.0,0.0,0.0,0.0,0.0,0.0,0.0,0.0,0.0,772.2429497600008,0.8035714285714286,13.784599999999982,234.0779999999997,0.08333333333333333,2.0,6.0,0.0,2.0,0.0,0.0,0.0,0.0,0.0,0.0,0.0200521865,-4.33197,-1.5805,2.75147,-83173.42059309916,0.005474067579789371,0.0005397060020856637,0.0004958030362251916,16.942799999999988,22.5485,0.9388687980304742,0.8003180680046688,C48H40N2O4S2,[H]c1c(-c2sc(-c3c([H])c([H])c(N(c4c([H])c([H])c(OC([H])([H])[H])c([H])c4[H])c4c([H])c([H])c(OC([H])([H])[H])c([H])c4[H])c([H])c3[H])c([H])c2[H])sc(-c2c([H])c([H])c(N(c3c([H])c([H])c(OC([H])([H])[H])c([H])c3[H])c3c([H])c([H])c(OC([H])([H])[H])c([H])c3[H])c([H])c2[H])c1[H]
54.0,2.0,4.0,46.0,0.0,0.0,0.0,106.0,48.0,48.0,113.0,63.0,48.0,18.0,0.0,0.0,0.0,0.0,0.0,0.0,0.0,0.0,0.0,786.3457579520009,0.7333333333333333,14.164999999999981,248.25799999999958,0.07407407407407407,2.0,6.0,0.0,0.0,0.0,0.0,0.0,0.0,2.0,0.0,0.2196257642,-4.54512,-1.52348,3.02164,-67823.6199784236,0.005450758627567505,0.0003953617496888852,0.000370895674448547,17.993219999999987,23.188166666666667,0.98804155954776,0.7853572627051948,C54H46N2O4,[H]/C(=C(\[H])c1c([H])c([H])c(-c2c([H])c([H])c(N(c3c([H])c([H])c(OC([H])([H])[H])c([H])c3[H])c3c([H])c([H])c(OC([H])([H])[H])c([H])c3[H])c([H])c2[H])c([H])c1[H])c1c([H])c([H])c(-c2c([H])c([H])c(N(c3c([H])c([H])c(OC([H])([H])[H])c([H])c3[H])c3c([H])c([H])c(OC([H])([H])[H])c([H])c3[H])c([H])c2[H])c([H])c1[H]
46.0,4.0,4.0,38.0,1.0,0.0,0.0,93.0,45.0,45.0,100.0,58.0,46.0,16.0,0.0,0.0,0.0,0.0,0.0,0.0,0.0,0.0,0.0,742.2613766960008,0.8909090909090909,11.99929999999999,223.8609999999997,0.08695652173913043,2.0,6.0,0.0,0.0,0.0,0.0,0.0,0.0,2.0,0.0,0.2491290203,-4.46358,-2.24233,2.22125,-73214.80482546434,0.004844623436737569,0.0007861941146765462,0.0006915882218462091,14.327466666666655,20.187,0.9081685784567416,0.7815039041330136,C46H38N4O4S,[H]c1c([H])c(N(c2c([H])c([H])c(OC([H])([H])[H])c([H])c2[H])c2c([H])c([H])c(-c3c([H])c([H])c(-c4c([H])c([H])c(N(c5c([H])c([H])c(OC([H])([H])[H])c([H])c5[H])c5c([H])c([H])c(OC([H])([H])[H])c([H])c5[H])c([H])c4[H])c4nsnc34)c([H])c2[H])c([H])c([H])c1OC([H])([H])[H]
44.0,4.0,4.0,38.0,0.0,0.0,0.0,90.0,42.0,42.0,96.0,54.0,42.0,16.0,0.0,0.0,0.0,0.0,0.0,0.0,0.0,0.0,0.0,686.2893056960008,0.9230769230769231,10.78459999999999,208.47799999999972,0.09090909090909091,2.0,6.0,0.0,0.0,0.0,0.0,0.0,0.0,0.0,0.0,4.9429656001,-4.53967,-1.34708,3.19259,-60313.66038120722,0.005318892099707271,0.000796729893604435,0.0007198319136011075,16.58104,22.1353333333333,0.964956412061777,0.776279297767946,C44H38N4O4,[H]c1nc(-c2c([H])c([H])c(N(c3c([H])c([H])c(OC([H])([H])[H])c([H])c3[H])c3c([H])c([H])c(OC([H])([H])[H])c([H])c3[H])c([H])c2[H])nc([H])c1-c1c([H])c([H])c(N(c2c([H])c([H])c(OC([H])([H])[H])c([H])c2[H])c2c([H])c([H])c(OC([H])([H])[H])c([H])c2[H])c([H])c1[H]
56.0,2.0,4.0,44.0,0.0,0.0,0.0,106.0,52.0,52.0,115.0,67.0,55.0,16.0,0.0,0.0,0.0,0.0,0.0,0.0,0.0,0.0,0.0,808.3301078880008,0.8387096774193549,14.891999999999976,256.59199999999964,0.07142857142857142,2.0,6.0,0.0,0.0,0.0,0.0,0.0,5.0,2.0,0.0,0.3097184303,-4.54618,-1.51694,3.02924,-69863.39745040509,0.005061884794012705,0.0005675748180084794,0.0005300853403459695,16.561066666666655,22.37933333333333,0.9527082483284808,0.7767499521164244,C56H44N2O4,[H]c1c([H])c(N(c2c([H])c([H])c(OC([H])([H])[H])c([H])c2[H])c2c([H])c([H])c(-c3c([H])c([H])c4c([H])c([H])c5c(-c6c([H])c([H])c(N(c7c([H])c([H])c(OC([H])([H])[H])c([H])c7[H])c7c([H])c([H])c(OC([H])([H])[H])c([H])c7[H])c([H])c6[H])c([H])c([H])c6c([H])c([H])c3c4c65)c([H])c2[H])c([H])c([H])c1OC([H])([H])[H]
54.0,2.0,6.0,42.0,0.0,0.0,0.0,104.0,50.0,48.0,112.0,66.0,48.0,16.0,2.0,0.0,0.0,0.0,0.0,0.0,0.0,0.0,0.0,814.3042870640008,0.8225806451612904,13.040599999999985,246.98499999999962,0.07407407407407407,2.0,6.0,0.0,0.0,0.0,0.0,0.0,0.0,3.0,0.0,3.3492904662,-4.68701,-2.84903,1.83798,-71847.97268051174,0.00489588197503469,0.0004970640217433177,0.0004549402624831886,13.923579999999989,20.90383333333333,0.8970427202570175,0.7425263229644067,C54H42N2O6,[H]c1c([H])c(N(c2c([H])c([H])c(OC([H])([H])[H])c([H])c2[H])c2c([H])c([H])c(-c3c([H])c([H])c4c(c3[H])C(=O)C(=O)c3c([H])c(-c5c([H])c([H])c(N(c6c([H])c([H])c(OC([H])([H])[H])c([H])c6[H])c6c([H])c([H])c(OC([H])([H])[H])c([H])c6[H])c([H])c5[H])c([H])c([H])c3-4)c([H])c2[H])c([H])c([H])c1OC([H])([H])[H]
52.0,2.0,4.0,42.0,1.0,0.0,0.0,101.0,49.0,49.0,109.0,63.0,51.0,16.0,0.0,0.0,0.0,0.0,0.0,0.0,0.0,0.0,0.0,790.2865288240008,0.864406779661017,14.36249999999998,245.77699999999965,0.07692307692307693,2.0,6.0,0.0,1.0,0.0,0.0,2.0,0.0,2.0,0.0,5.3398116465,-4.59811,-0.96171,3.6364,-76518.72426073396,0.003012293180078284,0.0009315862008871369,0.0007232807321477406,16.142266666666654,21.872333333333337,0.959354348358631,0.7692904714034388,C52H42N2O4S,[H]c1c([H])c(N(c2c([H])c([H])c(OC([H])([H])[H])c([H])c2[H])c2c([H])c([H])c(-c3c([H])c([H])c4sc5c([H])c([H])c(-c6c([H])c([H])c(N(c7c([H])c([H])c(OC([H])([H])[H])c([H])c7[H])c7c([H])c([H])c(OC([H])([H])[H])c([H])c7[H])c([H])c6[H])c([H])c5c4c3[H])c([H])c2[H])c([H])c([H])c1OC([H])([H])[H]
56.0,2.0,4.0,44.0,0.0,0.0,0.0,106.0,52.0,52.0,115.0,67.0,55.0,16.0,0.0,0.0,0.0,0.0,0.0,0.0,0.0,0.0,0.0,808.3301078880008,0.7419354838709677,14.89199999999998,256.59199999999964,0.07142857142857142,2.0,6.0,0.0,0.0,0.0,0.0,0.0,5.0,2.0,0.0,0.0245643169,-4.58321,-1.48222,3.10099,-69863.63581229614,0.005185874784987705,0.0004924420948007269,0.0004556653023586513,14.880799999999988,21.108500000000003,0.9637213477056992,0.7315052167195881,C56H44N2O4,[H]c1c([H])c(N(c2c([H])c([H])c(OC([H])([H])[H])c([H])c2[H])c2c([H])c([H])c(-c3c([H])c4c([H])c([H])c5c([H])c(-c6c([H])c([H])c(N(c7c([H])c([H])c(OC([H])([H])[H])c([H])c7[H])c7c([H])c([H])c(OC([H])([H])[H])c([H])c7[H])c([H])c6[H])c([H])c6c([H])c([H])c(c3[H])c4c56)c([H])c2[H])c([H])c([H])c1OC([H])([H])[H]
46.0,6.0,4.0,36.0,2.0,0.0,0.0,94.0,48.0,45.0,102.0,62.0,46.0,16.0,0.0,0.0,0.0,0.0,0.0,0.0,0.0,0.0,0.0,800.2239456320008,0.9655172413793104,12.725699999999984,235.40199999999976,0.08695652173913043,2.0,6.0,0.0,0.0,0.0,0.0,0.0,0.0,2.0,0.0,0.0023479764,-4.35863,-3.12265,1.23598,-86987.80673274909,0.004291904937543617,0.0007830017658837016,0.0007043927152401509,13.935613333333322,19.962333333333333,0.8882126080017356,0.7859553070276891,C46H36N6O4S2,[H]c1c([H])c(N(c2c([H])c([H])c(OC([H])([H])[H])c([H])c2[H])c2c([H])c([H])c(-c3c4c(c(-c5c([H])c([H])c(N(c6c([H])c([H])c(OC([H])([H])[H])c([H])c6[H])c6c([H])c([H])c(OC([H])([H])[H])c([H])c6[H])c([H])c5[H])c5nsnc35)N=S=N4)c([H])c2[H])c([H])c([H])c1OC([H])([H])[H]
46.0,4.0,4.0,36.0,1.0,2.0,0.0,93.0,45.0,45.0,100.0,58.0,46.0,16.0,0.0,0.0,0.0,0.0,0.0,0.0,0.0,0.0,0.0,778.2425330720007,0.9122807017543859,12.277499999999987,223.77699999999976,0.08695652173913043,2.0,6.0,0.0,0.0,0.0,0.0,0.0,0.0,2.0,0.0,1.0890066391,-4.55015,-2.40405,2.146100000000001,-78609.3702543671,0.004520226284150684,0.0007999486908722594,0.0006990507065326519,15.483599999999988,21.298500000000004,0.9411461894137362,0.772441923976495,C46H36F2N4O4S,[H]c1c([H])c(N(c2c([H])c([H])c(OC([H])([H])[H])c([H])c2[H])c2c([H])c([H])c(-c3c(F)c(F)c(-c4c([H])c([H])c(N(c5c([H])c([H])c(OC([H])([H])[H])c([H])c5[H])c5c([H])c([H])c(OC([H])([H])[H])c([H])c5[H])c([H])c4[H])c4nsnc34)c([H])c2[H])c([H])c([H])c1OC([H])([H])[H]
60.0,2.0,4.0,46.0,0.0,0.0,0.0,112.0,56.0,56.0,122.0,72.0,60.0,16.0,0.0,0.0,0.0,0.0,0.0,0.0,0.0,0.0,0.0,858.3457579520009,0.8333333333333334,16.04519999999998,274.09799999999984,0.06666666666666667,2.0,6.0,0.0,0.0,0.0,0.0,0.0,6.0,2.0,0.0,0.3238475231,-4.50378,-1.89985,2.60393,-74038.34559715133,0.004927862477958575,0.0004694845969619403,0.0004418914973332887,14.564386666666657,20.820000000000004,0.906489838115277,0.771700062235351,C60H46N2O4,[H]c1c([H])c(N(c2c([H])c([H])c(OC([H])([H])[H])c([H])c2[H])c2c([H])c([H])c(-c3c([H])c([H])c4c5c([H])c([H])c([H])c6c(-c7c([H])c([H])c(N(c8c([H])c([H])c(OC([H])([H])[H])c([H])c8[H])c8c([H])c([H])c(OC([H])([H])[H])c([H])c8[H])c([H])c7[H])c([H])c([H])c(c7c([H])c([H])c([H])c3c74)c65)c([H])c2[H])c([H])c([H])c1OC([H])([H])[H]
78.0,4.0,6.0,66.0,0.0,0.0,0.0,154.0,72.0,72.0,165.0,93.0,72.0,27.0,0.0,0.0,0.0,0.0,0.0,0.0,0.0,0.0,0.0,1154.4982358320012,0.375,20.618400000000037,360.79400000000055,0.07692307692307693,4.0,12.0,0.0,0.0,0.0,0.0,0.0,0.0,3.0,0.0,0.0313908165,-4.35617,-0.80911,3.54706,-100068.0602694387,0.0005275561124104811,0.0005263974641662244,0.0002730699834142104,14.0970666666667,19.5201666666667,0.939457021825418,0.76872023884106,C78H66N4O6,[H]c1c([H])c(N(c2c([H])c([H])c(OC([H])([H])[H])c([H])c2[H])c2c([H])c([H])c(-c3c([H])c([H])c(N(c4c([H])c([H])c(-c5c([H])c([H])c(N(c6c([H])c([H])c(OC([H])([H])[H])c([H])c6[H])c6c([H])c([H])c(OC([H])([H])[H])c([H])c6[H])c([H])c5[H])c([H])c4[H])c4c([H])c([H])c(-c5c([H])c([H])c(N(c6c([H])c([H])c(OC([H])([H])[H])c([H])c6[H])c6c([H])c([H])c(OC([H])([H])[H])c([H])c6[H])c([H])c5[H])c([H])c4[H])c([H])c3[H])c([H])c2[H])c([H])c([H])c1OC([H])([H])[H]
29.0,0.0,0.0,18.0,2.0,0.0,0.0,49.0,31.0,30.0,55.0,35.0,32.0,2.0,0.0,0.0,0.0,0.0,0.0,0.0,0.0,0.0,0.0,430.0849925760002,1.5806451612903225,9.021199999999999,136.32199999999995,0.034482758620689655,0.0,0.0,0.0,2.0,0.0,0.0,2.0,0.0,1.0,0.0,0.4179627527,-5.32457,-1.88036,3.44421,-51987.46322041559,0.04414062658400457,0.002118175827471134,0.002021942539377319,13.545986666666655,21.64416666666667,0.9156974717140304,0.683467328872346,C29H18S2,[H]c1c([H])c2c(c([H])c1-c1sc3c([H])c([H])c([H])c([H])c3c1[H])C([H])([H])c1c([H])c(-c3sc4c([H])c([H])c([H])c([H])c4c3[H])c([H])c([H])c1-2
22.0,1.0,0.0,15.0,2.0,0.0,0.0,40.0,24.0,24.0,44.0,28.0,26.0,3.0,0.0,0.0,0.0,0.0,0.0,0.0,0.0,0.0,0.0,357.0645914800001,2.16,7.153420000000003,110.61200000000001,0.045454545454545456,0.0,0.0,0.0,2.0,0.0,0.0,2.0,0.0,0.0,0.0,1.2339866073,-5.62879,-1.86563,3.763160000000001,-46177.06442796133,0.05394224251123769,0.004029561810114222,0.003807926038677541,10.795090666666658,17.379833333333337,0.930946549370994,0.6671998505531895,C22H15NS2,[H]c1c(-c2sc3c([H])c([H])c([H])c([H])c3c2[H])nc(C([H])([H])[H])c(-c2sc3c([H])c([H])c([H])c([H])c3c2[H])c1[H]
29.0,0.0,1.0,16.0,2.0,0.0,0.0,48.0,31.0,30.0,54.0,38.0,32.0,2.0,1.0,0.0,0.0,0.0,0.0,0.0,0.0,0.0,0.0,444.0642571320002,1.5,8.6614,136.94849999999994,0.0,0.0,0.0,0.0,2.0,0.0,0.0,2.0,0.0,1.0,0.0,1.8853280727,-5.56134,-2.58934,2.972,-53999.32822212777,0.03837142971184097,0.002111886469498168,0.002001717712142433,8.47198399999999,14.2713333333333,0.801191025337596,0.740942490962632,C29H16OS2,[H]c1c([H])c2c(c([H])c1-c1sc3c([H])c([H])c([H])c([H])c3c1[H])C(=O)c1c([H])c(-c3sc4c([H])c([H])c([H])c([H])c4c3[H])c([H])c([H])c1-2
22.0,1.0,2.0,12.0,2.0,1.0,0.0,40.0,24.0,24.0,44.0,31.0,26.0,3.0,0.0,0.0,0.0,0.0,0.0,0.0,0.0,0.0,0.0,405.0293488440002,1.9285714285714286,7.497300000000004,114.69240000000002,0.0,0.0,0.0,0.0,2.0,0.0,0.0,2.0,0.0,0.0,0.0,2.6706372628,-5.95723,-2.5407,3.41653,-52927.98746971444,0.03401469177020222,0.003887311954268943,0.003568566522086206,8.225914666666657,14.62915,0.8341259555726195,0.6741141939154506,C22H12FNO2S2,[H]c1c(F)c(-c2sc3c([H])c([H])c([H])c([H])c3c2[H])c([H])c([N+](=O)[O-])c1-c1sc2c([H])c([H])c([H])c([H])c2c1[H]
26.0,0.0,0.0,16.0,2.0,0.0,0.0,44.0,28.0,28.0,49.0,33.0,31.0,2.0,0.0,0.0,0.0,0.0,0.0,0.0,0.0,0.0,0.0,392.0693425120003,1.4285714285714286,8.6032,125.58599999999998,0.0,0.0,0.0,0.0,2.0,0.0,0.0,2.0,1.0,0.0,0.0,0.469085602,-5.57658,-1.7776,3.79898,-48847.68793825547,0.03049593157415166,0.003896400384529984,0.003614616132776195,11.266189333333324,17.698,0.9180557297271424,0.6933999551966736,C26H16S2,[H]c1c([H])c([H])c2c([H])c(-c3c([H])c([H])c(-c4sc5c([H])c([H])c([H])c([H])c5c4[H])c4c([H])c([H])c([H])c([H])c34)sc2c1[H]
19.0,1.0,0.0,11.0,3.0,0.0,0.0,34.0,23.0,23.0,38.0,27.0,25.0,2.0,0.0,0.0,0.0,0.0,0.0,0.0,0.0,0.0,0.0,349.00536235200013,2.0434782608695654,6.906500000000002,103.75200000000001,0.0,0.0,0.0,0.0,2.0,0.0,0.0,2.0,0.0,0.0,0.0,0.9285547888,-5.49127,-2.20069,3.29058,-53835.52814608278,0.06256657778877034,0.004469137586770649,0.004171189686204423,9.51807599999999,16.1139,0.8762722538827455,0.6740768985416637,C19H11NS3,[H]c1nc(-c2sc3c([H])c([H])c([H])c([H])c3c2[H])sc1-c1sc2c([H])c([H])c([H])c([H])c2c1[H]
22.0,0.0,0.0,14.0,2.0,0.0,0.0,38.0,24.0,24.0,42.0,28.0,26.0,2.0,0.0,0.0,0.0,0.0,0.0,0.0,0.0,0.0,0.0,342.0536924480001,1.4166666666666667,7.450000000000004,108.08000000000001,0.0,0.0,0.0,0.0,2.0,0.0,0.0,2.0,0.0,0.0,0.0,0.001795448,-5.47242,-1.90081,3.57161,-44672.75645987096,0.06702478861392822,0.00401126735853467,0.00378476276563147,13.757139999999987,20.766666666666666,0.9432954726266604,0.7022853597254757,C22H14S2,[H]c1c([H])c(-c2sc3c([H])c([H])c([H])c([H])c3c2[H])c([H])c([H])c1-c1sc2c([H])c([H])c([H])c([H])c2c1[H]
22.0,1.0,0.0,15.0,2.0,0.0,0.0,40.0,24.0,24.0,44.0,28.0,26.0,3.0,0.0,0.0,0.0,0.0,0.0,0.0,0.0,0.0,0.0,357.06459148000016,1.84,7.153420000000003,110.61200000000001,0.045454545454545456,0.0,0.0,0.0,2.0,0.0,0.0,2.0,0.0,0.0,0.0,2.0421475504,-5.9727,-1.41426,4.558439999999999,-46176.73755483305,0.03795138557446676,0.004812495647829248,0.004464749849970704,12.090738666666656,18.909,0.93614673253333,0.683030892489554,C22H15NS2,[H]c1nc([H])c(-c2sc3c([H])c([H])c([H])c([H])c3c2[H])c(C([H])([H])[H])c1-c1sc2c([H])c([H])c([H])c([H])c2c1[H]
21.0,1.0,2.0,13.0,3.0,0.0,0.0,40.0,23.0,23.0,44.0,30.0,25.0,4.0,1.0,0.0,0.0,0.0,0.0,0.0,0.0,0.0,0.0,407.01084165600025,2.2962962962962963,6.693100000000003,115.09150000000001,0.047619047619047616,0.0,0.0,0.0,2.0,0.0,0.0,2.0,0.0,0.0,0.0,1.844450811,-5.56066,-2.33741,3.22325,-60028.47178315505,0.02051453359831511,0.004500136695592584,0.003693434803690133,6.06779866666666,11.3421166666667,0.827149806860096,0.646774485752231,C21H13NO2S3,[H]c1c([H])c([H])c2c([H])c(-c3nc(C(=O)OC([H])([H])[H])c(-c4sc5c([H])c([H])c([H])c([H])c5c4[H])s3)sc2c1[H]
41.0,0.0,0.0,24.0,2.0,0.0,0.0,67.0,43.0,42.0,76.0,48.0,44.0,2.0,0.0,0.0,0.0,0.0,0.0,0.0,0.0,0.0,0.0,580.1319427680005,1.3255813953488371,11.793499999999993,184.3779999999998,0.024390243902439025,0.0,0.0,0.0,2.0,0.0,0.0,2.0,0.0,2.0,0.0,0.8773620696,-5.30147,-1.8901,3.41137,-64512.49687951689,0.01089709282123431,0.002012287406991068,0.001875142446850984,13.354593333333325,19.77133333333333,0.9269653529159012,0.7286705336695368,C41H24S2,[H]c1c([H])c([H])c2c(c1[H])-c1c([H])c([H])c([H])c([H])c1C21c2c([H])c(-c3sc4c([H])c([H])c([H])c([H])c4c3[H])c([H])c([H])c2-c2c([H])c([H])c(-c3sc4c([H])c([H])c([H])c([H])c4c3[H])c([H])c21
28.0,0.0,0.0,18.0,2.0,0.0,0.0,48.0,30.0,30.0,53.0,35.0,32.0,3.0,0.0,0.0,0.0,0.0,0.0,0.0,0.0,0.0,0.0,418.0849925760002,1.2333333333333334,9.116999999999999,133.51599999999996,0.0,0.0,0.0,0.0,2.0,0.0,0.0,2.0,0.0,1.0,0.0,0.3378968501,-5.48922,-1.84254,3.64668,-50951.61075559964,0.05556138034995824,0.002015410728304101,0.001958848121412613,12.567106666666657,19.271833333333333,0.9129249424246538,0.7142943211260108,C28H18S2,[H]c1c([H])c(-c2c([H])c([H])c(-c3sc4c([H])c([H])c([H])c([H])c4c3[H])c([H])c2[H])c([H])c([H])c1-c1sc2c([H])c([H])c([H])c([H])c2c1[H]
28.0,1.0,0.0,17.0,2.0,0.0,0.0,48.0,31.0,31.0,54.0,37.0,35.0,2.0,0.0,0.0,0.0,0.0,0.0,0.0,0.0,0.0,0.0,431.0802415440003,1.5806451612903225,9.084499999999997,137.44269999999995,0.0,0.0,0.0,0.0,2.0,1.0,0.0,2.0,0.0,0.0,0.0,1.3573784927,-5.29408,-1.82083,3.47325,-52423.92403380692,0.04218049286179877,0.002151986629587615,0.002047526971719081,9.39406799999999,15.5649666666667,0.881758624733483,0.684472159687382,C28H17NS2,[H]c1c([H])c([H])c2c([H])c(-c3c([H])c([H])c4c5c([H])c([H])c(-c6sc7c([H])c([H])c([H])c([H])c7c6[H])c([H])c5n([H])c4c3[H])sc2c1[H]
22.0,0.0,0.0,12.0,2.0,2.0,0.0,38.0,24.0,24.0,42.0,28.0,26.0,2.0,0.0,0.0,0.0,0.0,0.0,0.0,0.0,0.0,0.0,378.03484882400016,1.5,7.728200000000003,107.99600000000001,0.0,0.0,0.0,0.0,2.0,0.0,0.0,2.0,0.0,0.0,0.0,6.87117e-05,-5.62526,-2.14299,3.48227,-50067.46238276522,0.04867484600929242,0.003952593805362321,0.003655733504974248,8.643179999999994,14.49625,0.8909944790930316,0.6691798795136102,C22H12F2S2,[H]c1c(F)c(-c2sc3c([H])c([H])c([H])c([H])c3c2[H])c([H])c(F)c1-c1sc2c([H])c([H])c([H])c([H])c2c1[H]
28.0,0.0,0.0,10.0,2.0,8.0,0.0,48.0,30.0,30.0,53.0,35.0,32.0,3.0,0.0,0.0,0.0,0.0,0.0,0.0,0.0,0.0,0.0,562.0096180800001,1.0526315789473684,10.229799999999997,133.17999999999998,0.0,0.0,0.0,0.0,2.0,0.0,0.0,2.0,0.0,1.0,0.0,0.6202244864,-6.01557,-2.36077,3.6548,-72529.69107788008,0.02514169930434408,0.001864177135425625,0.001799766670673516,13.670159999999989,20.915166666666668,0.8921682636459731,0.7325976102330783,C28H10F8S2,[H]c1c([H])c([H])c2c([H])c(-c3c(F)c(F)c(-c4c(F)c(F)c(-c5sc6c([H])c([H])c([H])c([H])c6c5[H])c(F)c4F)c(F)c3F)sc2c1[H]
24.0,0.0,0.0,14.0,4.0,0.0,0.0,42.0,28.0,28.0,47.0,33.0,30.0,3.0,0.0,0.0,0.0,0.0,0.0,0.0,0.0,0.0,0.0,429.99783444800016,1.2857142857142858,9.239999999999997,129.26999999999998,0.0,0.0,0.0,0.0,4.0,0.0,0.0,2.0,0.0,0.0,0.0,0.0010418668,-5.10781,-2.20061,2.9072,-68404.7859989279,0.05022096968362794,0.002304137206131182,0.002203061514468704,11.435454,17.0435,0.933489309302586,0.718762280087576,C24H14S4,[H]c1c(-c2sc(-c3sc4c([H])c([H])c([H])c([H])c4c3[H])c([H])c2[H])sc(-c2sc3c([H])c([H])c([H])c([H])c3c2[H])c1[H]
30.0,0.0,0.0,20.0,2.0,0.0,0.0,52.0,30.0,30.0,57.0,37.0,32.0,4.0,0.0,0.0,0.0,0.0,0.0,0.0,0.0,0.0,0.0,444.1006426400003,1.375,9.6204,143.44999999999996,0.0,0.0,0.0,0.0,2.0,0.0,0.0,2.0,0.0,0.0,0.0,0.0327542354,-5.26713,-2.1371,3.13003,-53055.02281280631,0.05383602036067615,0.001483498210095072,0.001443760727784332,7.69010399999999,12.4149166666667,0.925887159408354,0.66900650910837,C30H20S2,[H]/C(=C(\[H])c1c([H])c([H])c(-c2sc3c([H])c([H])c([H])c([H])c3c2[H])c([H])c1[H])c1c([H])c([H])c(-c2sc3c([H])c([H])c([H])c([H])c3c2[H])c([H])c1[H]
22.0,2.0,0.0,12.0,3.0,0.0,0.0,39.0,27.0,27.0,44.0,32.0,30.0,2.0,0.0,0.0,0.0,0.0,0.0,0.0,0.0,0.0,0.0,400.01626138400013,1.6296296296296295,7.4547000000000025,119.053,0.0,0.0,0.0,0.0,2.0,0.0,0.0,2.0,0.0,0.0,0.0,1.3310574069,-5.35814,-2.84359,2.51455,-58446.11243196898,0.03583630738370071,0.003953547497025618,0.003560721241844345,7.70529999999999,14.9288333333333,0.849645462734099,0.607471545765693,C22H12N2S3,[H]c1c([H])c(-c2sc3c([H])c([H])c([H])c([H])c3c2[H])c2nsnc2c1-c1sc2c([H])c([H])c([H])c([H])c2c1[H]
20.0,2.0,0.0,12.0,2.0,0.0,0.0,36.0,24.0,24.0,40.0,28.0,26.0,2.0,0.0,0.0,0.0,0.0,0.0,0.0,0.0,0.0,0.0,344.0441903840001,1.9166666666666667,6.240000000000003,103.67,0.0,0.0,0.0,0.0,2.0,0.0,0.0,2.0,0.0,0.0,0.0,1.895526404,-5.72326,-2.22288,3.50038,-45544.93379059161,0.06874428608662181,0.004136184437020541,0.003901445943760949,11.21532,18.5568333333333,0.864915531575342,0.6987697668576,C20H12N2S2,[H]c1nc(-c2sc3c([H])c([H])c([H])c([H])c3c2[H])nc([H])c1-c1sc2c([H])c([H])c([H])c([H])c2c1[H]
32.0,0.0,0.0,18.0,2.0,0.0,0.0,52.0,34.0,34.0,59.0,41.0,39.0,2.0,0.0,0.0,0.0,0.0,0.0,0.0,0.0,0.0,0.0,466.08499257600033,1.3823529411764706,10.347399999999997,151.78399999999993,0.0,0.0,0.0,0.0,2.0,0.0,0.0,2.0,5.0,0.0,0.0,0.7226397223,-5.3193,-2.057,3.2623,-55094.74390018368,0.02973747125383968,0.002424156436100653,0.002313018032255576,9.212330666666656,16.273633333333333,0.8247928322846068,0.6863412691188064,C32H18S2,[H]c1c([H])c([H])c2c([H])c(-c3c([H])c([H])c4c([H])c([H])c5c(-c6sc7c([H])c([H])c([H])c([H])c7c6[H])c([H])c([H])c6c([H])c([H])c3c4c65)sc2c1[H]
30.0,0.0,2.0,16.0,2.0,0.0,0.0,50.0,32.0,30.0,56.0,40.0,32.0,2.0,2.0,0.0,0.0,0.0,0.0,0.0,0.0,0.0,0.0,472.0591717520002,1.411764705882353,8.496000000000002,142.17699999999996,0.0,0.0,0.0,0.0,2.0,0.0,0.0,2.0,0.0,1.0,0.0,4.3526732193,-5.73218,-3.17965,2.55253,-57079.31389198965,0.03078021093506806,0.002003473049298119,0.001881067226682959,8.55982933333332,15.5156333333333,0.820647003133021,0.672263001405067,C30H16O2S2,[H]c1c([H])c2c(c([H])c1-c1sc3c([H])c([H])c([H])c([H])c3c1[H])C(=O)C(=O)c1c([H])c(-c3sc4c([H])c([H])c([H])c([H])c4c3[H])c([H])c([H])c1-2
22.0,4.0,0.0,10.0,4.0,0.0,0.0,40.0,30.0,27.0,46.0,36.0,30.0,2.0,0.0,0.0,0.0,0.0,0.0,0.0,0.0,0.0,0.0,457.97883032000016,1.7,8.181100000000002,130.59399999999994,0.0,0.0,0.0,0.0,2.0,0.0,0.0,2.0,0.0,0.0,0.0,0.0011082048,-5.16474,-3.64327,1.52147,-72219.33739354284,0.02150413892553586,0.003903832128550905,0.003304025831131175,7.306463999999993,12.368950000000002,0.8446735720668319,0.6993353935586811,C22H10N4S4,[H]c1c([H])c([H])c2c([H])c(-c3c4c(c(-c5sc6c([H])c([H])c([H])c([H])c6c5[H])c5nsnc35)N=S=N4)sc2c1[H]
22.0,2.0,0.0,10.0,3.0,2.0,0.0,39.0,27.0,27.0,44.0,32.0,30.0,2.0,0.0,0.0,0.0,0.0,0.0,0.0,0.0,0.0,0.0,435.9974177600002,1.6206896551724137,7.7329000000000025,118.969,0.0,0.0,0.0,0.0,2.0,0.0,0.0,2.0,0.0,0.0,0.0,0.6332061767,-5.53266,-2.96236,2.5703,-63840.70239514717,0.02874851364830327,0.003901739013489046,0.003435481929134205,12.383159999999988,18.618,0.9012439928317748,0.7379995133304443,C22H10F2N2S3,[H]c1c([H])c([H])c2c([H])c(-c3c(F)c(F)c(-c4sc5c([H])c([H])c([H])c([H])c5c4[H])c4nsnc34)sc2c1[H]
36.0,0.0,0.0,20.0,2.0,0.0,0.0,58.0,38.0,38.0,66.0,46.0,44.0,2.0,0.0,0.0,0.0,0.0,0.0,0.0,0.0,0.0,0.0,516.1006426400004,1.3157894736842106,11.500599999999991,169.28999999999994,0.0,0.0,0.0,0.0,2.0,0.0,0.0,2.0,6.0,0.0,0.0,0.0239477235,-5.05217,-2.32854,2.72363,-59269.69900953447,0.02565729245868206,0.001860184283146311,0.001772628587443683,10.3756,14.74635,0.962954783550635,0.730672543325574,C36H20S2,[H]c1c([H])c([H])c2c([H])c(-c3c([H])c([H])c4c5c([H])c([H])c([H])c6c(-c7sc8c([H])c([H])c([H])c([H])c8c7[H])c([H])c([H])c(c7c([H])c([H])c([H])c3c74)c65)sc2c1[H]
42.0,1.0,0.0,27.0,3.0,0.0,0.0,73.0,45.0,45.0,81.0,54.0,48.0,6.0,0.0,0.0,0.0,0.0,0.0,0.0,0.0,0.0,0.0,641.1305628640006,0.9347826086956522,13.801499999999992,203.58199999999982,0.0,1.0,3.0,0.0,3.0,0.0,0.0,3.0,0.0,0.0,0.0,0.9223467011,-4.94704,-1.64024,3.3068,-77915.15784418223,0.002162138646532845,0.002161943873810507,0.001102516425698168,18.15702,23.4831666666667,1.00030267935111,0.772959037661726,C42H27NS3,[H]c1c([H])c(N(c2c([H])c([H])c(-c3sc4c([H])c([H])c([H])c([H])c4c3[H])c([H])c2[H])c2c([H])c([H])c(-c3sc4c([H])c([H])c([H])c([H])c4c3[H])c([H])c2[H])c([H])c([H])c1-c1sc2c([H])c([H])c([H])c([H])c2c1[H]
30.0,0.0,0.0,18.0,3.0,0.0,0.0,51.0,33.0,33.0,57.0,39.0,36.0,3.0,0.0,0.0,0.0,0.0,0.0,0.0,0.0,0.0,0.0,474.05706357600036,1.0303030303030303,10.33169999999999,148.8989999999999,0.0,0.0,0.0,0.0,3.0,0.0,0.0,3.0,0.0,0.0,0.0,1.0068214069,-5.70101,-1.72635,3.97466,-63853.50255216559,0.005218801932178863,0.004984462556866947,0.002549487259311803,14.121939999999988,20.002,0.9448904551546132,0.7472044971019796,C30H18S3,[H]c1c(-c2sc3c([H])c([H])c([H])c([H])c3c2[H])c([H])c(-c2sc3c([H])c([H])c([H])c([H])c3c2[H])c([H])c1-c1sc2c([H])c([H])c([H])c([H])c2c1[H]
57.0,0.0,0.0,32.0,4.0,0.0,0.0,93.0,61.0,60.0,106.0,70.0,64.0,4.0,0.0,0.0,0.0,0.0,0.0,0.0,0.0,0.0,0.0,844.1386850240008,0.7868852459016393,17.5569,266.01599999999985,0.017543859649122806,0.0,0.0,0.0,4.0,0.0,0.0,4.0,0.0,2.0,0.0,0.0071715094,-5.28445,-1.90848,3.37597,-102874.1263599979,0.001822496877714621,0.001810569840607297,0.00106624684506046,13.718399999999988,20.707833333333333,0.8726866332664335,0.7591200756143289,C57H32S4,[H]c1c([H])c2c(c([H])c1-c1sc3c([H])c([H])c([H])c([H])c3c1[H])C1(c3c([H])c(-c4sc5c([H])c([H])c([H])c([H])c5c4[H])c([H])c([H])c3-2)c2c([H])c(-c3sc4c([H])c([H])c([H])c([H])c4c3[H])c([H])c([H])c2-c2c([H])c([H])c(-c3sc4c([H])c([H])c([H])c([H])c4c3[H])c([H])c21
48.0,0.0,0.0,30.0,3.0,0.0,0.0,81.0,51.0,51.0,90.0,60.0,54.0,6.0,0.0,0.0,0.0,0.0,0.0,0.0,0.0,0.0,0.0,702.1509639600006,0.803921568627451,15.332699999999987,225.20699999999974,0.0,0.0,0.0,0.0,3.0,0.0,0.0,3.0,0.0,3.0,0.0,0.335549973,-5.6276,-1.71141,3.91619,-82690.11411388166,0.001511189401187165,0.001510374428859148,0.0007679955870728645,13.307039999999986,20.593833333333333,0.8695659513972184,0.7430905570063924,C48H30S3,[H]c1c([H])c(-c2c([H])c(-c3c([H])c([H])c(-c4sc5c([H])c([H])c([H])c([H])c5c4[H])c([H])c3[H])c([H])c(-c3c([H])c([H])c(-c4sc5c([H])c([H])c([H])c([H])c5c4[H])c([H])c3[H])c2[H])c([H])c([H])c1-c1sc2c([H])c([H])c([H])c([H])c2c1[H]
33.0,4.0,0.0,18.0,3.0,0.0,0.0,58.0,33.0,33.0,63.0,45.0,33.0,6.0,0.0,0.0,0.0,0.0,0.0,0.0,0.0,0.0,0.0,566.0693595760004,0.925,9.956939999999994,165.2089999999999,0.0,1.0,3.0,0.0,3.0,0.0,0.0,0.0,0.0,0.0,0.0,4.3247353134,-5.55268,-2.43578,3.1169,-72909.46564239105,0.002964633186448625,0.002964332007246813,0.00151699245892096,18.19932692307692,22.38653846153846,1.0159047563158357,0.8002310292033326,C33H18N4S3,[H]c1c(C#N)sc(-c2c([H])c([H])c(N(c3c([H])c([H])c(-c4sc(C#N)c([H])c4[H])c([H])c3[H])c3c([H])c([H])c(-c4sc(C#N)c([H])c4[H])c([H])c3[H])c([H])c2[H])c1[H]
21.0,3.0,0.0,9.0,3.0,0.0,0.0,36.0,21.0,21.0,39.0,30.0,21.0,3.0,0.0,0.0,0.0,0.0,0.0,0.0,0.0,0.0,0.0,398.99586028800013,1.0740740740740742,6.487140000000003,110.526,0.0,0.0,0.0,0.0,3.0,0.0,0.0,0.0,0.0,0.0,0.0,0.0142050318,-6.70815,-2.72392,3.98423,-58847.74358764697,0.007602111098911042,0.00760174772225736,0.003800965365644251,11.90532,18.8478333333333,0.907756178481051,0.695841660802429,C21H9N3S3,[H]c1c(C#N)sc(-c2c([H])c(-c3sc(C#N)c([H])c3[H])c([H])c(-c3sc(C#N)c([H])c3[H])c2[H])c1[H]
45.0,4.0,0.0,20.0,4.0,0.0,0.0,73.0,45.0,44.0,82.0,58.0,44.0,4.0,0.0,0.0,0.0,0.0,0.0,0.0,0.0,0.0,0.0,744.0570806400004,0.8113207547169812,12.430819999999986,214.85199999999975,0.022222222222222223,0.0,0.0,0.0,4.0,0.0,0.0,0.0,0.0,2.0,0.0,0.0260914975,-6.01307,-2.74048,3.27259,-96199.86329405579,0.002547879588679473,0.002541731367119833,0.001558224067846443,10.731912,16.6973333333333,0.94342302163101,0.681276668273161,C45H20N4S4,[H]c1c(C#N)sc(-c2c([H])c([H])c3c(c2[H])C2(c4c([H])c(-c5sc(C#N)c([H])c5[H])c([H])c([H])c4-3)c3c([H])c(-c4sc(C#N)c([H])c4[H])c([H])c([H])c3-c3c([H])c([H])c(-c4sc(C#N)c([H])c4[H])c([H])c32)c1[H]
39.0,3.0,0.0,21.0,3.0,0.0,0.0,66.0,39.0,39.0,72.0,51.0,39.0,6.0,0.0,0.0,0.0,0.0,0.0,0.0,0.0,0.0,0.0,627.0897606720004,0.8,11.488139999999992,186.83399999999983,0.0,0.0,0.0,0.0,3.0,0.0,0.0,0.0,0.0,3.0,0.0,1.6261916377,-6.23074,-2.40665,3.82409,-77684.41362728467,0.002014680955319292,0.002007204705392557,0.001023705012245788,13.283459999999986,20.985000000000003,0.84852038621655,0.7460019416075684,C39H21N3S3,[H]c1c(C#N)sc(-c2c([H])c([H])c(-c3c([H])c(-c4c([H])c([H])c(-c5sc(C#N)c([H])c5[H])c([H])c4[H])c([H])c(-c4c([H])c([H])c(-c5sc(C#N)c([H])c5[H])c([H])c4[H])c3[H])c([H])c2[H])c1[H]
60.0,1.0,0.0,39.0,0.0,0.0,0.0,100.0,60.0,60.0,111.0,72.0,66.0,6.0,0.0,0.0,0.0,0.0,0.0,0.0,0.0,0.0,0.0,773.3082502480007,0.7377049180327869,17.076599999999996,262.46899999999977,0.0,1.0,3.0,0.0,0.0,0.0,0.0,0.0,6.0,3.0,0.0,0.1188582243,-4.99487,-1.29295,3.701919999999999,-64260.46849928453,0.00167419524776386,0.001568576601062819,0.0008285967766351008,14.57773333333332,20.081333333333333,0.9615428551510352,0.7549684644950271,C60H39N,[H]c1c([H])c(N(c2c([H])c([H])c(-c3c([H])c4c([H])c([H])c([H])c([H])c4c4c([H])c([H])c([H])c([H])c34)c([H])c2[H])c2c([H])c([H])c(-c3c([H])c4c([H])c([H])c([H])c([H])c4c4c([H])c([H])c([H])c([H])c34)c([H])c2[H])c([H])c([H])c1-c1c([H])c2c([H])c([H])c([H])c([H])c2c2c([H])c([H])c([H])c([H])c12
48.0,0.0,0.0,30.0,0.0,0.0,0.0,78.0,48.0,48.0,87.0,57.0,54.0,3.0,0.0,0.0,0.0,0.0,0.0,0.0,0.0,0.0,0.0,606.2347509600005,0.75,13.606799999999982,207.78599999999975,0.0,0.0,0.0,0.0,0.0,0.0,0.0,0.0,6.0,3.0,0.0,0.247007897,-5.6871,-1.30128,4.38582,-50198.87794451581,0.003363655520207377,0.003206105341005721,0.002021545934978953,8.486099999999992,17.49721153846154,0.7058614363363237,0.6870998397414236,C48H30,[H]c1c(-c2c([H])c3c([H])c([H])c([H])c([H])c3c3c([H])c([H])c([H])c([H])c23)c([H])c(-c2c([H])c3c([H])c([H])c([H])c([H])c3c3c([H])c([H])c([H])c([H])c23)c([H])c1-c1c([H])c2c([H])c([H])c([H])c([H])c2c2c([H])c([H])c([H])c([H])c12
81.0,0.0,0.0,48.0,0.0,0.0,0.0,129.0,81.0,80.0,146.0,94.0,88.0,4.0,0.0,0.0,0.0,0.0,0.0,0.0,0.0,0.0,0.0,1020.375601536001,0.6049382716049383,21.923700000000036,344.5320000000005,0.012345679012345678,0.0,0.0,0.0,0.0,0.0,0.0,0.0,8.0,6.0,0.0,1.0313297094,-5.51713,-1.52655,3.99058,-84667.720230689,0.001806455492090966,0.001161939511681836,0.0007974114037132985,11.1779406666667,16.5699833333333,0.915808239694231,0.736605880810019,C81H48,[H]c1c([H])c2c(c([H])c1-c1c([H])c3c([H])c([H])c([H])c([H])c3c3c([H])c([H])c([H])c([H])c13)C1(c3c([H])c(-c4c([H])c5c([H])c([H])c([H])c([H])c5c5c([H])c([H])c([H])c([H])c45)c([H])c([H])c3-2)c2c([H])c(-c3c([H])c4c([H])c([H])c([H])c([H])c4c4c([H])c([H])c([H])c([H])c34)c([H])c([H])c2-c2c([H])c([H])c(-c3c([H])c4c([H])c([H])c([H])c([H])c4c4c([H])c([H])c([H])c([H])c34)c([H])c21
66.0,0.0,0.0,42.0,0.0,0.0,0.0,108.0,66.0,66.0,120.0,78.0,72.0,6.0,0.0,0.0,0.0,0.0,0.0,0.0,0.0,0.0,0.0,834.3286513440008,0.6515151515151515,18.607800000000008,284.094,0.0,0.0,0.0,0.0,0.0,0.0,0.0,0.0,6.0,6.0,0.0,0.1572869882,-5.7213,-1.3596,4.361700000000001,-69035.46421134377,0.001189461089924844,0.001120424959928082,0.0005858469356779533,12.9283866666667,20.654,0.841849308764966,0.74354250515771,C66H42,[H]c1c([H])c(-c2c([H])c3c([H])c([H])c([H])c([H])c3c3c([H])c([H])c([H])c([H])c23)c([H])c([H])c1-c1c([H])c(-c2c([H])c([H])c(-c3c([H])c4c([H])c([H])c([H])c([H])c4c4c([H])c([H])c([H])c([H])c34)c([H])c2[H])c([H])c(-c2c([H])c([H])c(-c3c([H])c4c([H])c([H])c([H])c([H])c4c4c([H])c([H])c([H])c([H])c34)c([H])c2[H])c1[H]
54.0,1.0,0.0,39.0,0.0,0.0,0.0,94.0,54.0,54.0,102.0,63.0,54.0,9.0,0.0,0.0,0.0,0.0,0.0,0.0,0.0,0.0,0.0,701.3082502480007,0.509090909090909,15.158399999999979,233.74099999999962,0.0,1.0,3.0,0.0,0.0,0.0,0.0,0.0,0.0,6.0,0.0,0.0211091146,-4.94006,-1.23081,3.70925,-58045.80580098211,0.00140873997296175,0.001406464961384757,0.0007110383998681915,15.5502666666667,21.2043333333333,0.952209510728935,0.770159546972405,C54H39N,[H]c1c([H])c([H])c(-c2c([H])c([H])c(-c3c([H])c([H])c(N(c4c([H])c([H])c(-c5c([H])c([H])c(-c6c([H])c([H])c([H])c([H])c6[H])c([H])c5[H])c([H])c4[H])c4c([H])c([H])c(-c5c([H])c([H])c(-c6c([H])c([H])c([H])c([H])c6[H])c([H])c5[H])c([H])c4[H])c([H])c3[H])c([H])c2[H])c([H])c1[H]
42.0,0.0,0.0,30.0,0.0,0.0,0.0,72.0,42.0,42.0,78.0,48.0,42.0,6.0,0.0,0.0,0.0,0.0,0.0,0.0,0.0,0.0,0.0,534.2347509600005,0.5714285714285714,11.68859999999999,179.0579999999998,0.0,0.0,0.0,0.0,0.0,0.0,0.0,0.0,0.0,6.0,0.0,0.0127772618,-5.90655,-1.2307,4.675850000000001,-43984.19518709528,0.0028047287351836,0.002801282160541315,0.001417243675688728,13.63248,21.1306666666667,0.865490298753422,0.745417296527251,C42H30,[H]c1c([H])c([H])c(-c2c([H])c([H])c(-c3c([H])c(-c4c([H])c([H])c(-c5c([H])c([H])c([H])c([H])c5[H])c([H])c4[H])c([H])c(-c4c([H])c([H])c(-c5c([H])c([H])c([H])c([H])c5[H])c([H])c4[H])c3[H])c([H])c2[H])c([H])c1[H]
73.0,0.0,0.0,48.0,0.0,0.0,0.0,121.0,73.0,72.0,134.0,82.0,72.0,8.0,0.0,0.0,0.0,0.0,0.0,0.0,0.0,0.0,0.0,924.375601536001,0.5068493150684932,19.366100000000003,306.22800000000007,0.0136986301369863,0.0,0.0,0.0,0.0,0.0,0.0,0.0,0.0,10.0,0.0,0.0087892777,-5.45896,-1.48806,3.9709,-76381.66617533844,0.001208658319474503,0.001157762821624287,0.000655680479016141,10.3434,18.9071666666667,0.770217471256775,0.710270049431028,C73H48,[H]c1c([H])c([H])c(-c2c([H])c([H])c(-c3c([H])c([H])c4c(c3[H])C3(c5c([H])c(-c6c([H])c([H])c(-c7c([H])c([H])c([H])c([H])c7[H])c([H])c6[H])c([H])c([H])c5-4)c4c([H])c(-c5c([H])c([H])c(-c6c([H])c([H])c([H])c([H])c6[H])c([H])c5[H])c([H])c([H])c4-c4c([H])c([H])c(-c5c([H])c([H])c(-c6c([H])c([H])c([H])c([H])c6[H])c([H])c5[H])c([H])c43)c([H])c2[H])c([H])c1[H]
60.0,0.0,0.0,42.0,0.0,0.0,0.0,102.0,60.0,60.0,111.0,69.0,60.0,9.0,0.0,0.0,0.0,0.0,0.0,0.0,0.0,0.0,0.0,762.3286513440008,0.4,16.68959999999998,255.36599999999953,0.0,0.0,0.0,0.0,0.0,0.0,0.0,0.0,0.0,9.0,0.0,0.0164421762,-5.79755,-1.3447,4.45285,-62820.76310052364,0.001041163956358354,0.001036639160156778,0.0005239499400028944,13.35054,19.1761666666667,0.898407792802533,0.77493187746119,C60H42,[H]c1c([H])c([H])c(-c2c([H])c([H])c(-c3c([H])c([H])c(-c4c([H])c(-c5c([H])c([H])c(-c6c([H])c([H])c(-c7c([H])c([H])c([H])c([H])c7[H])c([H])c6[H])c([H])c5[H])c([H])c(-c5c([H])c([H])c(-c6c([H])c([H])c(-c7c([H])c([H])c([H])c([H])c7[H])c([H])c6[H])c([H])c5[H])c4[H])c([H])c3[H])c([H])c2[H])c([H])c1[H]
42.0,1.0,0.0,33.0,0.0,0.0,0.0,76.0,36.0,36.0,81.0,48.0,36.0,9.0,0.0,0.0,0.0,0.0,0.0,0.0,0.0,0.0,0.0,551.2613000560007,0.7441860465116279,11.667599999999988,187.2349999999998,0.0,1.0,3.0,0.0,0.0,0.0,0.0,0.0,0.0,0.0,0.0,0.0553087272,-4.77699,-1.66551,3.111479999999999,-45519.41302893296,0.002622014116025295,0.002159134123323688,0.00120471075816398,18.13548,22.8285,1.00027119822236,0.794207373394558,C42H33N,[H]/C(=C(\[H])c1c([H])c([H])c(N(c2c([H])c([H])c(/C([H])=C(/[H])c3c([H])c([H])c([H])c([H])c3[H])c([H])c2[H])c2c([H])c([H])c(/C([H])=C(/[H])c3c([H])c([H])c([H])c([H])c3[H])c([H])c2[H])c([H])c1[H])c1c([H])c([H])c([H])c([H])c1[H]
30.0,0.0,0.0,24.0,0.0,0.0,0.0,54.0,24.0,24.0,57.0,33.0,24.0,6.0,0.0,0.0,0.0,0.0,0.0,0.0,0.0,0.0,0.0,384.1878007680003,0.8666666666666667,8.197800000000006,132.55199999999996,0.0,0.0,0.0,0.0,0.0,0.0,0.0,0.0,0.0,0.0,0.0,0.0302977023,-5.57819,-1.75644,3.82175,-31457.75426240329,0.006513145601074742,0.004500623663018686,0.002672175700823683,12.312,19.2,0.889731433965337,0.720723103085264,C30H24,[H]/C(=C(\[H])c1c([H])c(/C([H])=C(/[H])c2c([H])c([H])c([H])c([H])c2[H])c([H])c(/C([H])=C(/[H])c2c([H])c([H])c([H])c([H])c2[H])c1[H])c1c([H])c([H])c([H])c([H])c1[H]
57.0,0.0,0.0,40.0,0.0,0.0,0.0,97.0,49.0,48.0,106.0,62.0,48.0,8.0,0.0,0.0,0.0,0.0,0.0,0.0,0.0,0.0,0.0,724.3130012800009,0.7017543859649122,14.711699999999972,244.21999999999957,0.017543859649122806,0.0,0.0,0.0,0.0,0.0,0.0,0.0,0.0,2.0,0.0,0.0028849114,-5.15581,-1.92812,3.22769,-59679.84622738512,0.002087943660588788,0.002039806249118299,0.001198715501666179,12.38628,19.2873333333333,0.873747542709479,0.73499221603026,C57H40,[H]/C(=C(\[H])c1c([H])c([H])c2c(c1[H])C1(c3c([H])c(/C([H])=C(/[H])c4c([H])c([H])c([H])c([H])c4[H])c([H])c([H])c3-2)c2c([H])c(/C([H])=C(/[H])c3c([H])c([H])c([H])c([H])c3[H])c([H])c([H])c2-c2c([H])c([H])c(/C([H])=C(/[H])c3c([H])c([H])c([H])c([H])c3[H])c([H])c21)c1c([H])c([H])c([H])c([H])c1[H]
48.0,0.0,0.0,36.0,0.0,0.0,0.0,84.0,42.0,42.0,90.0,54.0,42.0,9.0,0.0,0.0,0.0,0.0,0.0,0.0,0.0,0.0,0.0,612.2817011520007,0.6875,13.19879999999998,208.85999999999967,0.0,0.0,0.0,0.0,0.0,0.0,0.0,0.0,0.0,3.0,0.0,0.0293207557,-5.49519,-1.71851,3.77668,-50294.36813052921,0.00181299104688581,0.001557116055187428,0.0008517555046436286,13.4442,20.2633333333333,0.889509428196043,0.745887828282719,C48H36,[H]/C(=C(\[H])c1c([H])c([H])c(-c2c([H])c(-c3c([H])c([H])c(/C([H])=C(/[H])c4c([H])c([H])c([H])c([H])c4[H])c([H])c3[H])c([H])c(-c3c([H])c([H])c(/C([H])=C(/[H])c4c([H])c([H])c([H])c([H])c4[H])c([H])c3[H])c2[H])c([H])c1[H])c1c([H])c([H])c([H])c([H])c1[H]
36.0,1.0,0.0,27.0,0.0,0.0,0.0,64.0,36.0,36.0,69.0,42.0,36.0,6.0,0.0,0.0,0.0,0.0,0.0,0.0,0.0,0.0,0.0,473.2143498640005,0.7297297297297297,10.157399999999994,157.4329999999998,0.0,1.0,3.0,0.0,0.0,0.0,0.0,0.0,0.0,3.0,0.0,0.0072004258,-4.9487,-1.00957,3.93913,-39209.23618997143,0.004304201563027858,0.004300111825743129,0.002182924859761765,14.3886,21.6191666666667,0.889143706455206,0.748527277011931,C36H27N,[H]c1c([H])c([H])c(-c2c([H])c([H])c(N(c3c([H])c([H])c(-c4c([H])c([H])c([H])c([H])c4[H])c([H])c3[H])c3c([H])c([H])c(-c4c([H])c([H])c([H])c([H])c4[H])c([H])c3[H])c([H])c2[H])c([H])c1[H]
24.0,0.0,0.0,18.0,0.0,0.0,0.0,42.0,24.0,24.0,45.0,27.0,24.0,3.0,0.0,0.0,0.0,0.0,0.0,0.0,0.0,0.0,0.0,306.1408505760002,0.8333333333333334,6.687600000000004,102.74999999999999,0.0,0.0,0.0,0.0,0.0,0.0,0.0,0.0,0.0,3.0,0.0,0.0214186632,-6.1545,-0.96408,5.19042,-25147.63544402707,0.01222989015336282,0.01221219683237911,0.006432994168730061,10.6733866666667,18.9088333333333,0.789912052621111,0.71459301814683,C24H18,[H]c1c([H])c([H])c(-c2c([H])c(-c3c([H])c([H])c([H])c([H])c3[H])c([H])c(-c3c([H])c([H])c([H])c([H])c3[H])c2[H])c([H])c1[H]
49.0,0.0,0.0,32.0,0.0,0.0,0.0,81.0,49.0,48.0,90.0,54.0,48.0,4.0,0.0,0.0,0.0,0.0,0.0,0.0,0.0,0.0,0.0,620.2504010240007,0.6938775510204082,12.69809999999998,204.48399999999964,0.02040816326530612,0.0,0.0,0.0,0.0,0.0,0.0,0.0,0.0,6.0,0.0,0.0014131415,-5.52648,-1.34561,4.180870000000001,-51266.24665942833,0.003420457289788996,0.00332662484343806,0.002197128662274456,12.0241753333333,18.1595,0.910768942183162,0.72701471524772,C49H32,[H]c1c([H])c([H])c(-c2c([H])c([H])c3c(c2[H])C2(c4c([H])c(-c5c([H])c([H])c([H])c([H])c5[H])c([H])c([H])c4-3)c3c([H])c(-c4c([H])c([H])c([H])c([H])c4[H])c([H])c([H])c3-c3c([H])c([H])c(-c4c([H])c([H])c([H])c([H])c4[H])c([H])c32)c([H])c1[H]
42.0,0.0,0.0,30.0,0.0,0.0,0.0,72.0,42.0,42.0,78.0,48.0,42.0,6.0,0.0,0.0,0.0,0.0,0.0,0.0,0.0,0.0,0.0,534.2347509600005,0.5714285714285714,11.688599999999989,179.0579999999998,0.0,0.0,0.0,0.0,0.0,0.0,0.0,0.0,0.0,6.0,0.0,0.0143801772,-5.90573,-1.22995,4.67578,-43984.19558892582,0.002805044408905975,0.002800854723894703,0.001417267358804529,12.7255666666667,18.7986666666667,0.915712965742097,0.739248955967061,C42H30,[H]c1c([H])c([H])c(-c2c([H])c([H])c(-c3c([H])c(-c4c([H])c([H])c(-c5c([H])c([H])c([H])c([H])c5[H])c([H])c4[H])c([H])c(-c4c([H])c([H])c(-c5c([H])c([H])c([H])c([H])c5[H])c([H])c4[H])c3[H])c([H])c2[H])c([H])c1[H]
48.0,1.0,0.0,33.0,0.0,0.0,0.0,82.0,48.0,48.0,90.0,57.0,51.0,6.0,0.0,0.0,0.0,0.0,0.0,0.0,0.0,0.0,0.0,623.2613000560007,0.7755102040816326,13.616999999999987,209.95099999999977,0.0,1.0,3.0,0.0,0.0,0.0,0.0,0.0,3.0,3.0,0.0,0.0667290558,-4.9471,-1.36011,3.58699,-51734.99830897885,0.002372582993608727,0.001952773174146782,0.00107912516823238,13.185199999999991,18.208333333333336,0.933897896156244,0.7753845255429885,C48H33N,[H]c1c([H])c(N(c2c([H])c([H])c(-c3c([H])c([H])c4c([H])c([H])c([H])c([H])c4c3[H])c([H])c2[H])c2c([H])c([H])c(-c3c([H])c([H])c4c([H])c([H])c([H])c([H])c4c3[H])c([H])c2[H])c([H])c([H])c1-c1c([H])c([H])c2c([H])c([H])c([H])c([H])c2c1[H]
36.0,0.0,0.0,24.0,0.0,0.0,0.0,60.0,36.0,36.0,66.0,42.0,39.0,3.0,0.0,0.0,0.0,0.0,0.0,0.0,0.0,0.0,0.0,456.1878007680004,0.8333333333333334,10.147199999999993,155.26799999999986,0.0,0.0,0.0,0.0,0.0,0.0,0.0,0.0,3.0,3.0,0.0,0.02246898,-5.81881,-1.38583,4.432980000000001,-37673.38425592658,0.005490935109308819,0.004270039334782101,0.002492248002933602,7.92712307692307,15.723557692307692,0.72856073524625,0.6919887289601707,C36H24,[H]c1c(-c2c([H])c([H])c3c([H])c([H])c([H])c([H])c3c2[H])c([H])c(-c2c([H])c([H])c3c([H])c([H])c([H])c([H])c3c2[H])c([H])c1-c1c([H])c([H])c2c([H])c([H])c([H])c([H])c2c1[H]
65.0,0.0,0.0,40.0,0.0,0.0,0.0,105.0,65.0,64.0,118.0,74.0,68.0,4.0,0.0,0.0,0.0,0.0,0.0,0.0,0.0,0.0,0.0,820.3130012800009,0.6461538461538462,17.310899999999993,274.50799999999987,0.015384615384615385,0.0,0.0,0.0,0.0,0.0,0.0,0.0,4.0,6.0,0.0,0.0067537625,-5.44704,-1.54704,3.9,-67967.25683871121,0.002098599575235764,0.001621691925701999,0.001061281827979364,8.32612307692307,16.685192307692308,0.6923492051760907,0.7207529221693856,C65H40,[H]c1c([H])c2c(c([H])c1-c1c([H])c([H])c3c([H])c([H])c([H])c([H])c3c1[H])C1(c3c([H])c(-c4c([H])c([H])c5c([H])c([H])c([H])c([H])c5c4[H])c([H])c([H])c3-2)c2c([H])c(-c3c([H])c([H])c4c([H])c([H])c([H])c([H])c4c3[H])c([H])c([H])c2-c2c([H])c([H])c(-c3c([H])c([H])c4c([H])c([H])c([H])c([H])c4c3[H])c([H])c21
54.0,0.0,0.0,36.0,0.0,0.0,0.0,90.0,54.0,54.0,99.0,63.0,57.0,6.0,0.0,0.0,0.0,0.0,0.0,0.0,0.0,0.0,0.0,684.2817011520007,0.6296296296296297,15.148199999999983,231.57599999999965,0.0,0.0,0.0,0.0,0.0,0.0,0.0,0.0,3.0,6.0,0.0,0.0233056087,-5.74743,-1.42697,4.32046,-56509.95163383486,0.001639278918549465,0.001396439135180664,0.0007587233097922875,5.109199999999994,10.944038461538462,0.6740831263516762,0.6925670681654947,C54H36,[H]c1c([H])c(-c2c([H])c([H])c3c([H])c([H])c([H])c([H])c3c2[H])c([H])c([H])c1-c1c([H])c(-c2c([H])c([H])c(-c3c([H])c([H])c4c([H])c([H])c([H])c([H])c4c3[H])c([H])c2[H])c([H])c(-c2c([H])c([H])c(-c3c([H])c([H])c4c([H])c([H])c([H])c([H])c4c3[H])c([H])c2[H])c1[H]
48.0,1.0,0.0,33.0,0.0,0.0,0.0,82.0,48.0,48.0,90.0,57.0,51.0,6.0,0.0,0.0,0.0,0.0,0.0,0.0,0.0,0.0,0.0,623.2613000560007,0.8367346938775511,13.616999999999987,209.95099999999977,0.0,1.0,3.0,0.0,0.0,0.0,0.0,0.0,3.0,3.0,0.0,0.0110216566,-4.98252,-1.2716,3.71092,-51734.59465057099,0.003171734031883249,0.002229424601780984,0.001338749170858395,8.14974999999999,17.529326923076926,0.6865457629583948,0.6771884693534668,C48H33N,[H]c1c([H])c(N(c2c([H])c([H])c(-c3c([H])c([H])c([H])c4c([H])c([H])c([H])c([H])c34)c([H])c2[H])c2c([H])c([H])c(-c3c([H])c([H])c([H])c4c([H])c([H])c([H])c([H])c34)c([H])c2[H])c([H])c([H])c1-c1c([H])c([H])c([H])c2c([H])c([H])c([H])c([H])c12
36.0,0.0,0.0,24.0,0.0,0.0,0.0,60.0,36.0,36.0,66.0,42.0,39.0,3.0,0.0,0.0,0.0,0.0,0.0,0.0,0.0,0.0,0.0,456.1878007680004,0.9166666666666666,10.147199999999991,155.26799999999983,0.0,0.0,0.0,0.0,0.0,0.0,0.0,0.0,3.0,3.0,0.0,0.1567063098,-5.72458,-1.27249,4.45209,-37673.00072403943,0.007046521056064616,0.005447315166924468,0.003769411200270958,10.468207692307686,17.239807692307693,0.8122828013046043,0.7475369352062634,C36H24,[H]c1c(-c2c([H])c([H])c([H])c3c([H])c([H])c([H])c([H])c23)c([H])c(-c2c([H])c([H])c([H])c3c([H])c([H])c([H])c([H])c23)c([H])c1-c1c([H])c([H])c([H])c2c([H])c([H])c([H])c([H])c12
65.0,0.0,0.0,40.0,0.0,0.0,0.0,105.0,65.0,64.0,118.0,74.0,68.0,4.0,0.0,0.0,0.0,0.0,0.0,0.0,0.0,0.0,0.0,820.3130012800009,0.7076923076923077,17.310899999999993,274.5079999999999,0.015384615384615385,0.0,0.0,0.0,0.0,0.0,0.0,0.0,4.0,6.0,0.0,0.5245600466,-5.53621,-1.4502,4.08601,-67966.51906170815,0.00359717269423826,0.001531914261282627,0.00129302175554495,8.09776153846153,16.60798076923077,0.7218069628179143,0.6755026905801205,C65H40,[H]c1c([H])c2c(c([H])c1-c1c([H])c([H])c([H])c3c([H])c([H])c([H])c([H])c13)C1(c3c([H])c(-c4c([H])c([H])c([H])c5c([H])c([H])c([H])c([H])c45)c([H])c([H])c3-2)c2c([H])c(-c3c([H])c([H])c([H])c4c([H])c([H])c([H])c([H])c34)c([H])c([H])c2-c2c([H])c([H])c(-c3c([H])c([H])c([H])c4c([H])c([H])c([H])c([H])c34)c([H])c21
54.0,0.0,0.0,36.0,0.0,0.0,0.0,90.0,54.0,54.0,99.0,63.0,57.0,6.0,0.0,0.0,0.0,0.0,0.0,0.0,0.0,0.0,0.0,684.2817011520007,0.7407407407407407,15.148199999999983,231.57599999999965,0.0,0.0,0.0,0.0,0.0,0.0,0.0,0.0,3.0,6.0,0.0,0.0629395568,-5.73778,-1.35036,4.38742,-56509.57650708227,0.002088245601697786,0.00155893759156179,0.000904587908568286,7.564630769230761,15.649038461538462,0.7151387521362176,0.6759425170683063,C54H36,[H]c1c([H])c(-c2c([H])c([H])c([H])c3c([H])c([H])c([H])c([H])c23)c([H])c([H])c1-c1c([H])c(-c2c([H])c([H])c(-c3c([H])c([H])c([H])c4c([H])c([H])c([H])c([H])c34)c([H])c2[H])c([H])c(-c2c([H])c([H])c(-c3c([H])c([H])c([H])c4c([H])c([H])c([H])c([H])c34)c([H])c2[H])c1[H]
75.0,7.0,0.0,51.0,0.0,0.0,0.0,133.0,81.0,81.0,147.0,96.0,84.0,12.0,0.0,0.0,0.0,0.0,0.0,0.0,0.0,0.0,0.0,1049.4205946320012,0.6829268292682927,19.175100000000008,337.6250000000004,0.0,1.0,3.0,0.0,0.0,0.0,3.0,0.0,0.0,3.0,0.0,4.2040448958,-5.27269,-1.75232,3.52037,-88916.49667214323,0.003930942456530925,0.0004260302344074442,0.0004162171780989462,12.154361538461533,18.702596153846155,0.8525817904709119,0.7622443284145063,C75H51N7,[H]c1c([H])c([H])c(-n2c(-c3c([H])c([H])c(-c4c([H])c([H])c(N(c5c([H])c([H])c(-c6c([H])c([H])c(-c7nc8c([H])c([H])c([H])c([H])c8n7-c7c([H])c([H])c([H])c([H])c7[H])c([H])c6[H])c([H])c5[H])c5c([H])c([H])c(-c6c([H])c([H])c(-c7nc8c([H])c([H])c([H])c([H])c8n7-c7c([H])c([H])c([H])c([H])c7[H])c([H])c6[H])c([H])c5[H])c([H])c4[H])c([H])c3[H])nc3c([H])c([H])c([H])c([H])c32)c([H])c1[H]
63.0,6.0,0.0,42.0,0.0,0.0,0.0,111.0,69.0,69.0,123.0,81.0,72.0,9.0,0.0,0.0,0.0,0.0,0.0,0.0,0.0,0.0,0.0,882.3470953440009,0.7391304347826086,15.705299999999976,282.94199999999995,0.0,0.0,0.0,0.0,0.0,0.0,3.0,0.0,0.0,3.0,0.0,0.381524361,-5.78132,-1.5326,4.24872,-74856.13969353176,0.001206262413584313,0.001194032164650578,0.0006094922063456291,7.094199999999992,15.494038461538462,0.7073830055582437,0.6472680591053853,C63H42N6,[H]c1c([H])c([H])c(-n2c(-c3c([H])c([H])c(-c4c([H])c(-c5c([H])c([H])c(-c6nc7c([H])c([H])c([H])c([H])c7n6-c6c([H])c([H])c([H])c([H])c6[H])c([H])c5[H])c([H])c(-c5c([H])c([H])c(-c6nc7c([H])c([H])c([H])c([H])c7n6-c6c([H])c([H])c([H])c([H])c6[H])c([H])c5[H])c4[H])c([H])c3[H])nc3c([H])c([H])c([H])c([H])c32)c([H])c1[H]
101.0,8.0,0.0,64.0,0.0,0.0,0.0,173.0,109.0,108.0,194.0,126.0,112.0,12.0,0.0,0.0,0.0,0.0,0.0,0.0,0.0,0.0,0.0,1388.5253940480013,0.5871559633027523,24.721700000000038,444.7400000000007,0.009900990099009901,0.0,0.0,0.0,0.0,0.0,4.0,0.0,0.0,6.0,0.0,0.8105510111,-5.48498,-1.89712,3.58786,-117542.8381829806,0.002617400290824818,0.0003302850007417592,0.000328571876910709,8.10769999999999,17.426826923076923,0.6816555461131346,0.6825184252379143,C101H64N8,[H]c1c([H])c([H])c(-n2c(-c3c([H])c([H])c(-c4c([H])c([H])c5c(c4[H])C4(c6c([H])c(-c7c([H])c([H])c(-c8nc9c([H])c([H])c([H])c([H])c9n8-c8c([H])c([H])c([H])c([H])c8[H])c([H])c7[H])c([H])c([H])c6-5)c5c([H])c(-c6c([H])c([H])c(-c7nc8c([H])c([H])c([H])c([H])c8n7-c7c([H])c([H])c([H])c([H])c7[H])c([H])c6[H])c([H])c([H])c5-c5c([H])c([H])c(-c6c([H])c([H])c(-c7nc8c([H])c([H])c([H])c([H])c8n7-c7c([H])c([H])c([H])c([H])c7[H])c([H])c6[H])c([H])c54)c([H])c3[H])nc3c([H])c([H])c([H])c([H])c32)c([H])c1[H]
81.0,6.0,0.0,54.0,0.0,0.0,0.0,141.0,87.0,87.0,156.0,102.0,90.0,12.0,0.0,0.0,0.0,0.0,0.0,0.0,0.0,0.0,0.0,1110.440995728001,0.5977011494252874,20.70630000000002,359.2500000000003,0.0,0.0,0.0,0.0,0.0,0.0,3.0,0.0,0.0,6.0,0.0,1.7132278049,-5.72393,-1.56715,4.15678,-93692.70030369623,0.0005193776427315736,0.000513995044560454,0.0002629883270754452,7.543846153846146,15.116153846153846,0.7668929676302785,0.6507538772000355,C81H54N6,[H]c1c([H])c([H])c(-n2c(-c3c([H])c([H])c(-c4c([H])c([H])c(-c5c([H])c(-c6c([H])c([H])c(-c7c([H])c([H])c(-c8nc9c([H])c([H])c([H])c([H])c9n8-c8c([H])c([H])c([H])c([H])c8[H])c([H])c7[H])c([H])c6[H])c([H])c(-c6c([H])c([H])c(-c7c([H])c([H])c(-c8nc9c([H])c([H])c([H])c([H])c9n8-c8c([H])c([H])c([H])c([H])c8[H])c([H])c7[H])c([H])c6[H])c5[H])c([H])c4[H])c([H])c3[H])nc3c([H])c([H])c([H])c([H])c32)c([H])c1[H]
90.0,1.0,0.0,57.0,0.0,0.0,0.0,148.0,90.0,90.0,165.0,108.0,99.0,9.0,0.0,0.0,0.0,0.0,0.0,0.0,0.0,0.0,0.0,1151.4491008240013,0.5164835164835165,25.53720000000003,391.2950000000004,0.0,1.0,3.0,0.0,0.0,0.0,0.0,0.0,9.0,6.0,0.0,1.6810501932,-5.02373,-1.42514,3.59859,-95622.18480693627,0.002601147764951147,0.0004120299800656504,0.0003674056419422104,10.26155769230768,18.60298076923077,0.7417430252275974,0.7436648982261492,C90H57N,[H]c1c([H])c(-c2c([H])c([H])c(N(c3c([H])c([H])c(-c4c([H])c([H])c([H])c(-c5c([H])c([H])c6c7c([H])c([H])c([H])c([H])c7c7c([H])c([H])c([H])c([H])c7c6c5[H])c4[H])c([H])c3[H])c3c([H])c([H])c(-c4c([H])c([H])c([H])c(-c5c([H])c([H])c6c7c([H])c([H])c([H])c([H])c7c7c([H])c([H])c([H])c([H])c7c6c5[H])c4[H])c([H])c3[H])c([H])c2[H])c([H])c(-c2c([H])c([H])c3c4c([H])c([H])c([H])c([H])c4c4c([H])c([H])c([H])c([H])c4c3c2[H])c1[H]
78.0,0.0,0.0,48.0,0.0,0.0,0.0,126.0,78.0,78.0,141.0,93.0,87.0,6.0,0.0,0.0,0.0,0.0,0.0,0.0,0.0,0.0,0.0,984.3756015360011,0.48717948717948717,22.06740000000002,336.6120000000003,0.0,0.0,0.0,0.0,0.0,0.0,0.0,0.0,9.0,6.0,0.0,1.2681561185,-5.54709,-1.33978,4.20731,-81559.46662318804,0.002545897910325519,0.001779377870223191,0.001623765080127148,11.27526153846153,19.356634615384618,0.7927912394561732,0.7347471832598043,C78H48,[H]c1c([H])c(-c2c([H])c(-c3c([H])c([H])c([H])c(-c4c([H])c([H])c5c6c([H])c([H])c([H])c([H])c6c6c([H])c([H])c([H])c([H])c6c5c4[H])c3[H])c([H])c(-c3c([H])c([H])c([H])c(-c4c([H])c([H])c5c6c([H])c([H])c([H])c([H])c6c6c([H])c([H])c([H])c([H])c6c5c4[H])c3[H])c2[H])c([H])c(-c2c([H])c([H])c3c4c([H])c([H])c([H])c([H])c4c4c([H])c([H])c([H])c([H])c4c3c2[H])c1[H]
121.0,0.0,0.0,72.0,0.0,0.0,0.0,193.0,121.0,120.0,218.0,142.0,132.0,8.0,0.0,0.0,0.0,0.0,0.0,0.0,0.0,0.0,0.0,1524.5634023040018,0.4132231404958678,33.20450000000004,516.3000000000012,0.008264462809917356,0.0,0.0,0.0,0.0,0.0,0.0,0.0,12.0,10.0,0.0,0.003140011,-5.50923,-1.44592,4.06331,-126483.1281703646,0.002045714248465493,0.0003322601283240778,0.0003310808253755215,7.77996153846153,15.12923076923077,0.7827802436724588,0.6569324978720315,C121H72,[H]c1c([H])c(-c2c([H])c([H])c3c(c2[H])C2(c4c([H])c(-c5c([H])c([H])c([H])c(-c6c([H])c([H])c7c8c([H])c([H])c([H])c([H])c8c8c([H])c([H])c([H])c([H])c8c7c6[H])c5[H])c([H])c([H])c4-3)c3c([H])c(-c4c([H])c([H])c([H])c(-c5c([H])c([H])c6c7c([H])c([H])c([H])c([H])c7c7c([H])c([H])c([H])c([H])c7c6c5[H])c4[H])c([H])c([H])c3-c3c([H])c([H])c(-c4c([H])c([H])c([H])c(-c5c([H])c([H])c6c7c([H])c([H])c([H])c([H])c7c7c([H])c([H])c([H])c([H])c7c6c5[H])c4[H])c([H])c32)c([H])c(-c2c([H])c([H])c3c4c([H])c([H])c([H])c([H])c4c4c([H])c([H])c([H])c([H])c4c3c2[H])c1[H]
96.0,0.0,0.0,60.0,0.0,0.0,0.0,156.0,96.0,96.0,174.0,114.0,105.0,9.0,0.0,0.0,0.0,0.0,0.0,0.0,0.0,0.0,0.0,1212.4695019200014,0.4375,27.06840000000004,412.9200000000006,0.0,0.0,0.0,0.0,0.0,0.0,0.0,0.0,9.0,9.0,0.0,0.557749866,-5.46735,-1.40484,4.06251,-100396.9997996093,0.002168547532733627,0.0003367890977027911,0.0002992558397739702,6.928096153846147,13.38346153846154,0.7836764332702176,0.6605545136771773,C96H60,[H]c1c([H])c(-c2c([H])c([H])c(-c3c([H])c(-c4c([H])c([H])c(-c5c([H])c([H])c([H])c(-c6c([H])c([H])c7c8c([H])c([H])c([H])c([H])c8c8c([H])c([H])c([H])c([H])c8c7c6[H])c5[H])c([H])c4[H])c([H])c(-c4c([H])c([H])c(-c5c([H])c([H])c([H])c(-c6c([H])c([H])c7c8c([H])c([H])c([H])c([H])c8c8c([H])c([H])c([H])c([H])c8c7c6[H])c5[H])c([H])c4[H])c3[H])c([H])c2[H])c([H])c(-c2c([H])c([H])c3c4c([H])c([H])c([H])c([H])c4c4c([H])c([H])c([H])c([H])c4c3c2[H])c1[H]
72.0,4.0,0.0,54.0,0.0,0.0,0.0,130.0,72.0,72.0,141.0,87.0,72.0,15.0,0.0,0.0,0.0,0.0,0.0,0.0,0.0,0.0,0.0,974.4348477280012,0.35526315789473684,20.566800000000015,321.4820000000003,0.0,4.0,12.0,0.0,0.0,0.0,0.0,0.0,0.0,3.0,0.0,0.0161681172,-4.6503,-1.03807,3.612229999999999,-81393.91462464044,0.0007694627416916758,0.0007667717151926432,0.0003983576596889093,12.652975999999995,17.350333333333335,0.9780512924744464,0.7456297541778804,C72H54N4,[H]c1c([H])c([H])c(N(c2c([H])c([H])c([H])c([H])c2[H])c2c([H])c([H])c(-c3c([H])c([H])c(N(c4c([H])c([H])c(-c5c([H])c([H])c(N(c6c([H])c([H])c([H])c([H])c6[H])c6c([H])c([H])c([H])c([H])c6[H])c([H])c5[H])c([H])c4[H])c4c([H])c([H])c(-c5c([H])c([H])c(N(c6c([H])c([H])c([H])c([H])c6[H])c6c([H])c([H])c([H])c([H])c6[H])c([H])c5[H])c([H])c4[H])c([H])c3[H])c([H])c2[H])c([H])c1[H]
60.0,3.0,0.0,45.0,0.0,0.0,0.0,108.0,60.0,60.0,117.0,72.0,60.0,12.0,0.0,0.0,0.0,0.0,0.0,0.0,0.0,0.0,0.0,807.3613484400009,0.5079365079365079,17.096999999999984,266.79899999999975,0.0,3.0,9.0,0.0,0.0,0.0,0.0,0.0,0.0,3.0,0.0,0.0219925638,-4.97049,-0.98666,3.98383,-67332.31888993947,0.001426620041251988,0.001423319065795368,0.000723359028865569,14.211539999999994,18.769,1.0039247555896236,0.7542213881148225,C60H45N3,[H]c1c([H])c([H])c(N(c2c([H])c([H])c([H])c([H])c2[H])c2c([H])c([H])c(-c3c([H])c(-c4c([H])c([H])c(N(c5c([H])c([H])c([H])c([H])c5[H])c5c([H])c([H])c([H])c([H])c5[H])c([H])c4[H])c([H])c(-c4c([H])c([H])c(N(c5c([H])c([H])c([H])c([H])c5[H])c5c([H])c([H])c([H])c([H])c5[H])c([H])c4[H])c3[H])c([H])c2[H])c([H])c1[H]
97.0,4.0,0.0,68.0,0.0,0.0,0.0,169.0,97.0,96.0,186.0,114.0,96.0,16.0,0.0,0.0,0.0,0.0,0.0,0.0,0.0,0.0,0.0,1288.5443981760013,0.44554455445544555,26.577300000000047,423.2160000000009,0.010309278350515464,4.0,12.0,0.0,0.0,0.0,0.0,0.0,0.0,6.0,0.0,0.3839993594,-4.8097,-1.48535,3.32435,-107510.9792259282,0.002741113674677403,0.0004059279244420187,0.0004024997859353057,10.285701999999995,14.166883333333336,0.982431683483908,0.7390218180352649,C97H68N4,[H]c1c([H])c([H])c(N(c2c([H])c([H])c([H])c([H])c2[H])c2c([H])c([H])c(-c3c([H])c([H])c4c(c3[H])C3(c5c([H])c(-c6c([H])c([H])c(N(c7c([H])c([H])c([H])c([H])c7[H])c7c([H])c([H])c([H])c([H])c7[H])c([H])c6[H])c([H])c([H])c5-4)c4c([H])c(-c5c([H])c([H])c(N(c6c([H])c([H])c([H])c([H])c6[H])c6c([H])c([H])c([H])c([H])c6[H])c([H])c5[H])c([H])c([H])c4-c4c([H])c([H])c(-c5c([H])c([H])c(N(c6c([H])c([H])c([H])c([H])c6[H])c6c([H])c([H])c([H])c([H])c6[H])c([H])c5[H])c([H])c43)c([H])c2[H])c([H])c1[H]
78.0,3.0,0.0,57.0,0.0,0.0,0.0,138.0,78.0,78.0,150.0,93.0,78.0,15.0,0.0,0.0,0.0,0.0,0.0,0.0,0.0,0.0,0.0,1035.455248824001,0.41975308641975306,22.09800000000002,343.1070000000004,0.0,3.0,9.0,0.0,0.0,0.0,0.0,0.0,0.0,6.0,0.0,0.0317489706,-4.99151,-1.19696,3.79455,-86168.89081454383,0.0005877054838147924,0.0005860559597902358,0.0003019509546990604,13.759339999999996,18.342166666666667,0.9851939963917896,0.7614216310066139,C78H57N3,[H]c1c([H])c([H])c(N(c2c([H])c([H])c([H])c([H])c2[H])c2c([H])c([H])c(-c3c([H])c([H])c(-c4c([H])c(-c5c([H])c([H])c(-c6c([H])c([H])c(N(c7c([H])c([H])c([H])c([H])c7[H])c7c([H])c([H])c([H])c([H])c7[H])c([H])c6[H])c([H])c5[H])c([H])c(-c5c([H])c([H])c(-c6c([H])c([H])c(N(c7c([H])c([H])c([H])c([H])c7[H])c7c([H])c([H])c([H])c([H])c7[H])c([H])c6[H])c([H])c5[H])c4[H])c([H])c3[H])c([H])c2[H])c([H])c1[H]
72.0,1.0,0.0,51.0,0.0,0.0,0.0,124.0,72.0,72.0,135.0,84.0,72.0,12.0,0.0,0.0,0.0,0.0,0.0,0.0,0.0,0.0,0.0,929.4021506320012,0.4383561643835616,20.159400000000016,310.0490000000002,0.0,1.0,3.0,0.0,0.0,0.0,0.0,0.0,0.0,9.0,0.0,0.0187800307,-4.99003,-1.12659,3.86344,-76882.28981670046,0.001035401934264086,0.001032650962346073,0.00052342343853607,1.269119230769229,3.826778846153846,0.5419412191581997,0.6119513206630561,C72H51N,[H]c1c([H])c([H])c(-c2c([H])c(-c3c([H])c([H])c([H])c([H])c3[H])c([H])c(-c3c([H])c([H])c(N(c4c([H])c([H])c(-c5c([H])c(-c6c([H])c([H])c([H])c([H])c6[H])c([H])c(-c6c([H])c([H])c([H])c([H])c6[H])c5[H])c([H])c4[H])c4c([H])c([H])c(-c5c([H])c(-c6c([H])c([H])c([H])c([H])c6[H])c([H])c(-c6c([H])c([H])c([H])c([H])c6[H])c5[H])c([H])c4[H])c([H])c3[H])c2[H])c([H])c1[H]
60.0,0.0,0.0,42.0,0.0,0.0,0.0,102.0,60.0,60.0,111.0,69.0,60.0,9.0,0.0,0.0,0.0,0.0,0.0,0.0,0.0,0.0,0.0,762.3286513440008,0.35,16.68959999999998,255.36599999999953,0.0,0.0,0.0,0.0,0.0,0.0,0.0,0.0,0.0,9.0,0.0,0.0297918108,-6.09157,-1.1595,4.93207,-62820.66884387436,0.001915290824579702,0.001853592231355535,0.00108828417864629,7.440969230769221,17.99105769230769,0.6139430978728448,0.6736660964636627,C60H42,[H]c1c([H])c([H])c(-c2c([H])c(-c3c([H])c([H])c([H])c([H])c3[H])c([H])c(-c3c([H])c(-c4c([H])c(-c5c([H])c([H])c([H])c([H])c5[H])c([H])c(-c5c([H])c([H])c([H])c([H])c5[H])c4[H])c([H])c(-c4c([H])c(-c5c([H])c([H])c([H])c([H])c5[H])c([H])c(-c5c([H])c([H])c([H])c([H])c5[H])c4[H])c3[H])c2[H])c([H])c1[H]
97.0,0.0,0.0,64.0,0.0,0.0,0.0,161.0,97.0,96.0,178.0,110.0,96.0,12.0,0.0,0.0,0.0,0.0,0.0,0.0,0.0,0.0,0.0,1228.5008020480016,0.4020618556701031,26.034100000000052,407.9720000000009,0.010309278350515464,0.0,0.0,0.0,0.0,0.0,0.0,0.0,0.0,14.0,0.0,0.001712282,-5.52569,-1.64087,3.88482,-101495.4181273624,0.001707487341245027,0.0005583209404866478,0.000540021461238487,3.52107038461538,9.64346153846154,0.5523988466347415,0.6609810226308206,C97H64,[H]c1c([H])c([H])c(-c2c([H])c(-c3c([H])c([H])c([H])c([H])c3[H])c([H])c(-c3c([H])c([H])c4c(c3[H])C3(c5c([H])c(-c6c([H])c(-c7c([H])c([H])c([H])c([H])c7[H])c([H])c(-c7c([H])c([H])c([H])c([H])c7[H])c6[H])c([H])c([H])c5-4)c4c([H])c(-c5c([H])c(-c6c([H])c([H])c([H])c([H])c6[H])c([H])c(-c6c([H])c([H])c([H])c([H])c6[H])c5[H])c([H])c([H])c4-c4c([H])c([H])c(-c5c([H])c(-c6c([H])c([H])c([H])c([H])c6[H])c([H])c(-c6c([H])c([H])c([H])c([H])c6[H])c5[H])c([H])c43)c2[H])c([H])c1[H]
78.0,0.0,0.0,54.0,0.0,0.0,0.0,132.0,78.0,78.0,144.0,90.0,78.0,12.0,0.0,0.0,0.0,0.0,0.0,0.0,0.0,0.0,0.0,990.4225517280012,0.2948717948717949,21.69060000000003,331.6740000000004,0.0,0.0,0.0,0.0,0.0,0.0,0.0,0.0,0.0,12.0,0.0,0.0316413539,-5.91275,-1.28937,4.62338,-81657.2448831396,0.0007715782144189377,0.0007667371567711431,0.0003883601204045772,7.153615384615375,16.78451923076923,0.6149525787817327,0.6930667332140056,C78H54,[H]c1c([H])c([H])c(-c2c([H])c(-c3c([H])c([H])c([H])c([H])c3[H])c([H])c(-c3c([H])c([H])c(-c4c([H])c(-c5c([H])c([H])c(-c6c([H])c(-c7c([H])c([H])c([H])c([H])c7[H])c([H])c(-c7c([H])c([H])c([H])c([H])c7[H])c6[H])c([H])c5[H])c([H])c(-c5c([H])c([H])c(-c6c([H])c(-c7c([H])c([H])c([H])c([H])c7[H])c([H])c(-c7c([H])c([H])c([H])c([H])c7[H])c6[H])c([H])c5[H])c4[H])c([H])c3[H])c2[H])c([H])c1[H]
31.0,3.0,0.0,23.0,2.0,0.0,0.0,59.0,28.0,28.0,63.0,37.0,28.0,8.0,0.0,0.0,0.0,0.0,0.0,0.0,0.0,0.0,0.0,501.13333973600055,1.5,9.28202,151.3919999999999,0.0967741935483871,1.0,3.0,0.0,2.0,0.0,0.0,0.0,0.0,0.0,0.0,2.2191529951,-5.40581,-2.23397,3.17184,-58602.06451505583,0.00871171448966505,0.002641876980439708,0.002127056046572977,20.641695,23.61625,1.07370381233332,0.814047831887953,C31H23N3S2,[H]c1c(C#N)sc(-c2c([H])c([H])c(N(c3c([H])c([H])c(-c4sc(C#N)c([H])c4[H])c([H])c3[H])c3c(C([H])([H])[H])c([H])c(C([H])([H])[H])c([H])c3C([H])([H])[H])c([H])c2[H])c1[H]
32.0,3.0,0.0,25.0,2.0,0.0,0.0,62.0,28.0,28.0,66.0,37.0,28.0,5.0,0.0,0.0,0.0,0.0,0.0,0.0,0.0,0.0,0.0,515.1489898000005,1.3783783783783783,9.654259999999994,155.88099999999983,0.125,1.0,3.0,0.0,2.0,0.0,0.0,0.0,0.0,0.0,0.0,2.7525671037,-5.34138,-2.26002,3.08136,-59669.99545075525,0.00533881753614683,0.002743898597815003,0.00186436730880643,20.82075,23.633875,1.07380875823598,0.82041670260357,C32H25N3S2,[H]c1c(C#N)sc(-c2c([H])c([H])c(N(c3c([H])c([H])c(-c4sc(C#N)c([H])c4[H])c([H])c3[H])c3c([H])c([H])c(C(C([H])([H])[H])(C([H])([H])[H])C([H])([H])[H])c([H])c3[H])c([H])c2[H])c1[H]
28.0,3.0,0.0,17.0,2.0,0.0,0.0,50.0,28.0,28.0,54.0,37.0,28.0,5.0,0.0,0.0,0.0,0.0,0.0,0.0,0.0,0.0,0.0,459.0863895440004,1.3636363636363635,8.356760000000001,137.18099999999995,0.0,1.0,3.0,0.0,2.0,0.0,0.0,0.0,0.0,0.0,0.0,2.0401115796,-5.41723,-2.29011,3.12712,-55397.21999248647,0.01170689993212011,0.002780579128058895,0.002306264212778273,20.989915,23.680125,1.07858271907674,0.821813424970907,C28H17N3S2,[H]c1c(C#N)sc(-c2c([H])c([H])c(N(c3c([H])c([H])c([H])c([H])c3[H])c3c([H])c([H])c(-c4sc(C#N)c([H])c4[H])c([H])c3[H])c([H])c2[H])c1[H]
36.0,1.0,6.0,27.0,3.0,0.0,0.0,73.0,45.0,33.0,81.0,45.0,33.0,6.0,0.0,0.0,0.0,0.0,0.0,0.0,0.0,0.0,0.0,665.1000505840007,1.0217391304347827,9.655499999999996,184.03399999999982,0.16666666666666666,1.0,3.0,0.0,3.0,0.0,0.0,0.0,0.0,0.0,0.0,3.6937440185,-4.45795,-1.09997,3.35798,-83965.28929189847,0.002381708642127119,0.002377436153995822,0.001249903097845782,17.2994,22.216125,0.947217799573576,0.82207772330792,C36H27NO6S3,[H]c1sc(-c2c([H])c([H])c(N(c3c([H])c([H])c(-c4sc([H])c5c4OC([H])([H])C([H])([H])O5)c([H])c3[H])c3c([H])c([H])c(-c4sc([H])c5c4OC([H])([H])C([H])([H])O5)c([H])c3[H])c([H])c2[H])c2c1OC([H])([H])C([H])([H])O2
33.0,1.0,4.0,29.0,2.0,0.0,0.0,69.0,36.0,28.0,75.0,37.0,28.0,8.0,0.0,0.0,0.0,0.0,0.0,0.0,0.0,0.0,0.0,567.1538004080006,1.6,9.081059999999999,163.94199999999995,0.21212121212121213,1.0,3.0,0.0,2.0,0.0,0.0,0.0,0.0,0.0,0.0,3.2508794938,-4.55945,-1.05543,3.50402,-65972.56023305396,0.0078396427393616,0.002130678418607488,0.001777930137374228,17.9915,23.315625,0.937916429544553,0.822727791702103,C33H29NO4S2,[H]c1sc(-c2c([H])c([H])c(N(c3c([H])c([H])c(-c4sc([H])c5c4OC([H])([H])C([H])([H])O5)c([H])c3[H])c3c(C([H])([H])[H])c([H])c(C([H])([H])[H])c([H])c3C([H])([H])[H])c([H])c2[H])c2c1OC([H])([H])C([H])([H])O2
34.0,1.0,4.0,31.0,2.0,0.0,0.0,72.0,36.0,28.0,78.0,37.0,28.0,5.0,0.0,0.0,0.0,0.0,0.0,0.0,0.0,0.0,0.0,581.1694504720007,1.4878048780487805,9.453299999999995,168.43099999999976,0.23529411764705882,1.0,3.0,0.0,2.0,0.0,0.0,0.0,0.0,0.0,0.0,2.76312248,-4.5306,-1.08523,3.44537,-67040.5077341472,0.004991549214895465,0.002187471214572652,0.001588048741523482,16.0779,21.219875,0.936378867112289,0.80916091759014,C34H31NO4S2,[H]c1sc(-c2c([H])c([H])c(N(c3c([H])c([H])c(-c4sc([H])c5c4OC([H])([H])C([H])([H])O5)c([H])c3[H])c3c([H])c([H])c(C(C([H])([H])[H])(C([H])([H])[H])C([H])([H])[H])c([H])c3[H])c([H])c2[H])c2c1OC([H])([H])C([H])([H])O2
30.0,1.0,4.0,23.0,2.0,0.0,0.0,60.0,36.0,28.0,66.0,37.0,28.0,5.0,0.0,0.0,0.0,0.0,0.0,0.0,0.0,0.0,0.0,525.1068502160003,1.4864864864864864,8.155800000000003,149.73099999999994,0.13333333333333333,1.0,3.0,0.0,2.0,0.0,0.0,0.0,0.0,0.0,0.0,2.2295893405,-4.58442,-1.10934,3.47508,-62767.74384017327,0.01046620868594176,0.002209875257654943,0.001908165467084306,17.6463,21.96375,0.953042845917508,0.843013910385518,C30H23NO4S2,[H]c1sc(-c2c([H])c([H])c(N(c3c([H])c([H])c([H])c([H])c3[H])c3c([H])c([H])c(-c4sc([H])c5c4OC([H])([H])C([H])([H])O5)c([H])c3[H])c([H])c2[H])c2c1OC([H])([H])C([H])([H])O2
42.0,7.0,0.0,21.0,3.0,0.0,0.0,73.0,33.0,33.0,78.0,57.0,33.0,9.0,0.0,0.0,0.0,0.0,0.0,0.0,0.0,0.0,0.0,719.1020566720003,0.9038461538461539,11.63357999999999,208.6729999999999,0.0,1.0,3.0,0.0,3.0,0.0,0.0,0.0,0.0,0.0,0.0,9.5194923594,-5.74428,-3.27498,2.4693,-86739.74396628006,0.001683494325180095,0.001680570022154886,0.0008665284907429683,20.65822,24.034625,1.04546591405595,0.822139794035742,C42H21N7S3,[H]C(=C(C#N)C#N)c1sc(-c2c([H])c([H])c(N(c3c([H])c([H])c(-c4sc(C([H])=C(C#N)C#N)c([H])c4[H])c([H])c3[H])c3c([H])c([H])c(-c4sc(C([H])=C(C#N)C#N)c([H])c4[H])c([H])c3[H])c([H])c2[H])c([H])c1[H]
34.0,3.0,5.0,31.0,0.0,6.0,0.0,79.0,24.0,24.0,83.0,35.0,26.0,3.0,2.0,0.0,0.0,0.0,0.0,0.0,0.0,0.0,6.0,675.2167904120008,1.3958333333333333,9.232699999999998,166.81499999999986,0.3235294117647059,0.0,0.0,0.0,0.0,2.0,0.0,0.0,0.0,0.0,0.0,11.5231824265,-5.39419,-1.52588,3.86831,-66686.90835084279,0.004864672694244334,0.001621347794928931,0.001561339499888007,10.4839,18.19875,0.833974291513192,0.690762333083177,C34H31F6N3O5,[H]c1c(C(F)(F)F)c([H])c2c([H])c(-c3c([H])n(C([H])([H])[H])c([H])c(-c4c([H])c5c([H])c(C(F)(F)F)c([H])c([H])c5n4C(=O)OC(C([H])([H])[H])(C([H])([H])[H])C([H])([H])[H])c3=O)n(C(=O)OC(C([H])([H])[H])(C([H])([H])[H])C([H])([H])[H])c2c1[H]
52.0,6.0,0.0,28.0,4.0,0.0,0.0,90.0,52.0,52.0,100.0,68.0,56.0,8.0,0.0,0.0,0.0,0.0,0.0,0.0,0.0,0.0,0.0,864.1258288960007,0.9032258064516129,14.399719999999988,255.6459999999997,0.038461538461538464,0.0,0.0,0.0,4.0,2.0,0.0,0.0,0.0,0.0,0.0,11.2633393434,-5.60191,-2.16684,3.43507,-106554.7832814738,0.004024202794238845,0.001647130681538805,0.001361021020533557,11.27184,20.332,0.799167627113859,0.693708205215509,C52H28N6S4,[H]c1c(C#N)sc(-c2c([H])c([H])c3c(c2[H])c2c([H])c(-c4sc(C#N)c([H])c4[H])c([H])c([H])c2n3C([H])([H])c2c([H])c([H])c([H])c([H])c2C([H])([H])n2c3c([H])c([H])c(-c4sc(C#N)c([H])c4[H])c([H])c3c3c([H])c(-c4sc(C#N)c([H])c4[H])c([H])c([H])c32)c1[H]
32.0,3.0,2.0,23.0,2.0,0.0,0.0,62.0,28.0,28.0,66.0,41.0,28.0,10.0,0.0,0.0,0.0,0.0,0.0,0.0,0.0,0.0,0.0,545.1231689760002,1.7435897435897436,9.06116,160.05799999999996,0.0625,1.0,3.0,0.0,2.0,0.0,0.0,0.0,0.0,0.0,0.0,13.4647700665,-4.92095,-2.85331,2.06764,-63725.25556181055,0.009579954973617863,0.001539122795489087,0.001349312445836334,18.77601,22.56425,1.00281346616283,0.829778633787981,C32H23N3O2S2,[H]C(=C(C#N)C#N)c1sc(-c2sc(-c3c([H])c([H])c(N(c4c([H])c([H])c(OC([H])([H])[H])c([H])c4[H])c4c([H])c([H])c(OC([H])([H])[H])c([H])c4[H])c([H])c3[H])c([H])c2[H])c([H])c1[H]
64.0,2.0,0.0,48.0,0.0,0.0,0.0,114.0,56.0,56.0,124.0,72.0,60.0,12.0,0.0,0.0,0.0,0.0,0.0,0.0,0.0,0.0,0.0,844.381749536001,0.7727272727272727,16.680599999999984,285.01399999999995,0.03125,0.0,0.0,0.0,0.0,2.0,0.0,0.0,0.0,0.0,0.0,5.5127699515,-4.56822,-1.42037,3.14785,-70034.38820201099,0.002790912828014342,0.001685184552445594,0.001220441068552214,18.60518,22.09475,1.03460570569076,0.813897875748036,C64H48N2,[H]/C(=C(\[H])c1c([H])c([H])c2c(c1[H])c1c([H])c(/C([H])=C(/[H])c3c([H])c([H])c([H])c([H])c3[H])c([H])c([H])c1n2C([H])([H])c1c([H])c([H])c([H])c([H])c1C([H])([H])n1c2c([H])c([H])c(/C([H])=C(/[H])c3c([H])c([H])c([H])c([H])c3[H])c([H])c2c2c([H])c(/C([H])=C(/[H])c3c([H])c([H])c([H])c([H])c3[H])c([H])c([H])c21)c1c([H])c([H])c([H])c([H])c1[H]
43.0,3.0,1.0,32.0,0.0,3.0,0.0,82.0,42.0,42.0,88.0,52.0,42.0,10.0,0.0,0.0,0.0,0.0,0.0,1.0,0.0,0.0,3.0,663.2497473040005,1.04,12.440999999999988,197.77539999999976,0.023255813953488372,2.0,6.0,0.0,0.0,0.0,0.0,0.0,0.0,2.0,0.0,4.6491445508,-5.03584,-1.08305,3.95279,-59701.81370840604,0.005118689273843445,0.00143757929959935,0.001144895876538271,18.50898,21.754,0.978793702058942,0.869265004188272,C43H32F3N3O,[H]c1c([H])c([H])c(N(c2c([H])c([H])c([H])c([H])c2[H])c2c([H])c([H])c(-c3c([H])c(OC(F)(F)F)c([H])c(-c4c([H])c([H])c(N(c5c([H])c([H])c([H])c([H])c5[H])c5c([H])c([H])c([H])c([H])c5[H])c([H])c4[H])c3N([H])[H])c([H])c2[H])c([H])c1[H]
54.0,2.0,6.0,44.0,0.0,0.0,0.0,106.0,48.0,48.0,113.0,65.0,48.0,19.0,2.0,0.0,0.0,0.0,0.0,0.0,0.0,0.0,0.0,816.3199371280008,0.7258064516129032,13.060199999999986,247.9909999999996,0.07407407407407407,2.0,6.0,0.0,0.0,0.0,0.0,0.0,0.0,2.0,0.0,12.0825307656,-4.81352,-2.0651,2.748419999999999,-71879.17066890407,0.003155470291669623,0.001851340005859491,0.001400211575532669,20.46051,25.09525,0.999948762104437,0.815355830573224,C54H44N2O6,[H]c1c([H])c(N(c2c([H])c([H])c(OC([H])([H])[H])c([H])c2[H])c2c([H])c([H])c(-c3c([H])c([H])c(C(=O)C(=O)c4c([H])c([H])c(-c5c([H])c([H])c(N(c6c([H])c([H])c(OC([H])([H])[H])c([H])c6[H])c6c([H])c([H])c(OC([H])([H])[H])c([H])c6[H])c([H])c5[H])c([H])c4[H])c([H])c3[H])c([H])c2[H])c([H])c([H])c1OC([H])([H])[H]
28.0,3.0,2.0,21.0,1.0,0.0,0.0,55.0,23.0,23.0,58.0,35.0,23.0,9.0,0.0,0.0,0.0,0.0,0.0,0.0,0.0,0.0,0.0,463.13544791200025,1.7941176470588236,7.332660000000005,136.745,0.07142857142857142,1.0,3.0,0.0,1.0,0.0,0.0,0.0,0.0,0.0,0.0,11.6785164857,-5.03663,-2.70609,2.33054,-48719.82227109379,0.009895962286610558,0.002934763611853279,0.002326487356398991,20.0109,23.95075,0.991279646119977,0.842851987368066,C28H21N3O2S,[H]C(=C(C#N)C#N)c1sc(-c2c([H])c([H])c(N(c3c([H])c([H])c(OC([H])([H])[H])c([H])c3[H])c3c([H])c([H])c(OC([H])([H])[H])c([H])c3[H])c([H])c2[H])c([H])c1[H]
47.0,3.0,4.0,40.0,0.0,3.0,0.0,97.0,42.0,42.0,103.0,55.0,42.0,17.0,0.0,0.0,0.0,0.0,0.0,1.0,0.0,0.0,3.0,767.2970914200008,1.0701754385964912,12.595599999999989,222.30239999999975,0.10638297872340426,2.0,6.0,0.0,0.0,0.0,0.0,0.0,0.0,2.0,0.0,4.0560685645,-4.51437,-0.79277,3.7216,-70106.92838472637,0.003353513712629563,0.001004919094663764,0.0007904831175136742,18.4408,22.323875,0.963936600873682,0.856962276741806,C47H40F3N3O4,[H]c1c([H])c(N(c2c([H])c([H])c(OC([H])([H])[H])c([H])c2[H])c2c([H])c([H])c(-c3c([H])c(-c4c([H])c([H])c(N(c5c([H])c([H])c(OC([H])([H])[H])c([H])c5[H])c5c([H])c([H])c(OC([H])([H])[H])c([H])c5[H])c([H])c4[H])c(N([H])[H])c(C(F)(F)F)c3[H])c([H])c2[H])c([H])c([H])c1OC([H])([H])[H]
22.0,3.0,0.0,11.0,2.0,0.0,0.0,38.0,23.0,23.0,42.0,31.0,25.0,2.0,0.0,0.0,0.0,0.0,0.0,0.0,0.0,0.0,0.0,381.0394393520002,1.6296296296296295,6.521460000000003,111.8607,0.0,0.0,0.0,0.0,2.0,1.0,0.0,0.0,0.0,0.0,0.0,9.7966396663,-5.80256,-2.13843,3.66413,-49086.80164580718,0.0177724805082417,0.004443573138724558,0.003554789219612393,20.1663,24.595875,1.02602554499184,0.79910854158104,C22H11N3S2,[H]c1c(C#N)sc(-c2c([H])c([H])c3c(c2[H])c2c([H])c(-c4sc(C#N)c([H])c4[H])c([H])c([H])c2n3[H])c1[H]
62.0,3.0,4.0,57.0,0.0,0.0,0.0,126.0,54.0,54.0,134.0,69.0,54.0,19.0,0.0,0.0,0.0,0.0,0.0,0.0,0.0,0.0,0.0,907.4349073040013,0.6521739130434783,16.761899999999994,286.2709999999998,0.12903225806451613,3.0,9.0,0.0,0.0,0.0,0.0,0.0,0.0,2.0,0.0,2.2148816319,-4.41474,-0.79282,3.62192,-77775.66322994838,0.001866829966561943,0.0005474245989359545,0.0004381774451788087,17.7916,23.423625,0.947290240974313,0.801821756526296,C62H57N3O4,[H]c1c([H])c(N(c2c([H])c([H])c(OC([H])([H])[H])c([H])c2[H])c2c([H])c([H])c(-c3c([H])c([H])c(N(c4c([H])c([H])c(-c5c([H])c([H])c(N(c6c([H])c([H])c(OC([H])([H])[H])c([H])c6[H])c6c([H])c([H])c(OC([H])([H])[H])c([H])c6[H])c([H])c5[H])c([H])c4[H])c4c([H])c([H])c(C(C([H])([H])[H])(C([H])([H])[H])C([H])([H])[H])c([H])c4[H])c([H])c3[H])c([H])c2[H])c([H])c([H])c1OC([H])([H])[H]
28.0,2.0,0.0,16.0,2.0,0.0,0.0,48.0,28.0,28.0,52.0,36.0,28.0,4.0,0.0,0.0,0.0,0.0,0.0,0.0,0.0,0.0,0.0,444.0754905120003,1.1875,8.220960000000003,133.36999999999998,0.0,0.0,0.0,0.0,2.0,0.0,0.0,0.0,0.0,2.0,0.0,10.4444664433,-6.2589,-2.27318,3.98572,-53893.27317344882,0.008022152801223271,0.005646824875833806,0.003378714742990234,7.76215999999999,14.83975,0.971326296978835,0.538506387760133,C28H16N2S2,[H]c1c(C#N)sc(-c2c([H])c([H])c([H])c(-c3c([H])c([H])c([H])c(-c4c([H])c([H])c([H])c(-c5sc(C#N)c([H])c5[H])c4[H])c3[H])c2[H])c1[H]
104.0,6.0,0.0,76.0,0.0,0.0,0.0,186.0,104.0,104.0,204.0,124.0,108.0,20.0,0.0,0.0,0.0,0.0,0.0,0.0,0.0,0.0,0.0,1408.6131464320017,0.509090909090909,28.546200000000052,464.01000000000124,0.019230769230769232,4.0,12.0,0.0,0.0,2.0,0.0,0.0,0.0,4.0,0.0,4.2253121619,-4.53455,-1.02537,3.509180000000001,-117867.0099698787,0.001239785187753525,0.0005280969400650042,0.0004549905756659357,20.367795,24.791,1.00209021353218,0.819866514477139,C104H76N6,[H]c1c([H])c([H])c(N(c2c([H])c([H])c([H])c([H])c2[H])c2c([H])c([H])c(-c3c([H])c([H])c4c(c3[H])c3c([H])c(-c5c([H])c([H])c(N(c6c([H])c([H])c([H])c([H])c6[H])c6c([H])c([H])c([H])c([H])c6[H])c([H])c5[H])c([H])c([H])c3n4C([H])([H])c3c([H])c([H])c([H])c([H])c3C([H])([H])n3c4c([H])c([H])c(-c5c([H])c([H])c(N(c6c([H])c([H])c([H])c([H])c6[H])c6c([H])c([H])c([H])c([H])c6[H])c([H])c5[H])c([H])c4c4c([H])c(-c5c([H])c([H])c(N(c6c([H])c([H])c([H])c([H])c6[H])c6c([H])c([H])c([H])c([H])c6[H])c([H])c5[H])c([H])c([H])c43)c([H])c2[H])c([H])c1[H]
54.0,7.0,0.0,27.0,6.0,0.0,0.0,94.0,48.0,48.0,102.0,75.0,48.0,12.0,0.0,0.0,0.0,0.0,0.0,0.0,0.0,0.0,0.0,965.0652198640007,0.8059701492537313,16.819079999999992,278.6119999999997,0.0,1.0,3.0,0.0,6.0,0.0,0.0,0.0,0.0,0.0,0.0,5.8476417685,-5.45446,-3.2669,2.18756,-131756.1087209054,0.0008218387421561478,0.0006385632883310919,0.0003635587748381069,20.73214,24.984875,1.01618816150529,0.816568872719241,C54H27N7S6,[H]C(=C(C#N)C#N)c1sc(-c2sc(-c3c([H])c([H])c(N(c4c([H])c([H])c(-c5sc(-c6sc(C([H])=C(C#N)C#N)c([H])c6[H])c([H])c5[H])c([H])c4[H])c4c([H])c([H])c(-c5sc(-c6sc(C([H])=C(C#N)C#N)c([H])c6[H])c([H])c5[H])c([H])c4[H])c([H])c3[H])c([H])c2[H])c([H])c1[H]
42.0,5.0,0.0,23.0,4.0,0.0,0.0,74.0,38.0,38.0,80.0,57.0,38.0,9.0,0.0,0.0,0.0,0.0,0.0,0.0,0.0,0.0,0.0,725.0836297360005,1.2156862745098038,12.931519999999987,212.78299999999976,0.0,1.0,3.0,0.0,4.0,0.0,0.0,0.0,0.0,0.0,0.0,4.7572755102,-5.36091,-3.15724,2.20367,-94628.3177940712,0.004880511556759977,0.0006822206019959235,0.0006071888469727258,21.4786,24.844625,1.03542507576215,0.834939188961373,C42H23N5S4,[H]C(=C(C#N)C#N)c1sc(-c2sc(-c3c([H])c([H])c(N(c4c([H])c([H])c([H])c([H])c4[H])c4c([H])c([H])c(-c5sc(-c6sc(C([H])=C(C#N)C#N)c([H])c6[H])c([H])c5[H])c([H])c4[H])c([H])c3[H])c([H])c2[H])c([H])c1[H]
48.0,13.0,0.0,21.0,3.0,0.0,0.0,85.0,45.0,45.0,93.0,72.0,48.0,9.0,0.0,0.0,0.0,0.0,0.0,0.0,0.0,0.0,0.0,875.1205006720004,0.890625,11.46317999999999,247.9609999999998,0.0,1.0,3.0,0.0,0.0,0.0,0.0,0.0,0.0,3.0,0.0,1.2135431391,-5.85675,-3.7251,2.13165,-101880.189622827,0.001193674534244675,0.001192463379615819,0.0005994001438662662,17.1923,22.143875,0.966868475092527,0.802995218774078,C48H21N13S3,[H]C(=C(C#N)C#N)c1c([H])c([H])c(-c2c([H])c([H])c(N(c3c([H])c([H])c(-c4c([H])c([H])c(C([H])=C(C#N)C#N)c5nsnc45)c([H])c3[H])c3c([H])c([H])c(-c4c([H])c([H])c(C([H])=C(C#N)C#N)c5nsnc45)c([H])c3[H])c([H])c2[H])c2nsnc12
45.0,4.0,0.0,24.0,3.0,0.0,0.0,76.0,45.0,45.0,84.0,60.0,48.0,6.0,0.0,0.0,0.0,0.0,0.0,0.0,0.0,0.0,0.0,716.1163097680004,0.9423076923076923,13.41653999999999,217.72699999999983,0.0,1.0,3.0,0.0,3.0,0.0,0.0,3.0,0.0,0.0,0.0,3.6949434548,-5.4821,-2.20622,3.27588,-85435.80982138107,0.001606574562896625,0.001605253602057713,0.0008197486909012058,20.48035,24.107,1.03387605821556,0.821723539238293,C45H24N4S3,[H]c1c([H])c(N(c2c([H])c([H])c(-c3sc4c([H])c([H])c(C#N)c([H])c4c3[H])c([H])c2[H])c2c([H])c([H])c(-c3sc4c([H])c([H])c(C#N)c([H])c4c3[H])c([H])c2[H])c([H])c([H])c1-c1sc2c([H])c([H])c(C#N)c([H])c2c1[H]
34.0,5.0,0.0,19.0,2.0,0.0,0.0,60.0,28.0,28.0,64.0,45.0,28.0,7.0,0.0,0.0,0.0,0.0,0.0,0.0,0.0,0.0,0.0,561.1081876080003,1.3414634146341464,9.474519999999998,166.15699999999995,0.0,1.0,3.0,0.0,2.0,0.0,0.0,0.0,0.0,0.0,0.0,4.8672188955,-5.62759,-3.17582,2.45177,-64617.41316899754,0.008134145535302303,0.001503868158081319,0.001300257019970111,20.29568,22.8726666666667,1.08368388255031,0.818811986643522,C34H19N5S2,[H]C(=C(C#N)C#N)c1sc(-c2c([H])c([H])c(N(c3c([H])c([H])c([H])c([H])c3[H])c3c([H])c([H])c(-c4sc(C([H])=C(C#N)C#N)c([H])c4[H])c([H])c3[H])c([H])c2[H])c([H])c1[H]
36.0,3.0,0.0,21.0,2.0,0.0,0.0,62.0,36.0,36.0,68.0,47.0,38.0,5.0,0.0,0.0,0.0,0.0,0.0,0.0,0.0,0.0,0.0,559.1176896720003,1.3902439024390243,10.663159999999996,172.1929999999999,0.0,1.0,3.0,0.0,2.0,0.0,0.0,2.0,0.0,0.0,0.0,2.9059476812,-5.36844,-2.06318,3.30526,-63748.11425311221,0.008036445198511417,0.001545838454548555,0.001325344025585536,20.38912,23.2898333333333,1.0857708255824,0.806294937851874,C36H21N3S2,[H]c1c([H])c([H])c(N(c2c([H])c([H])c(-c3sc4c([H])c([H])c(C#N)c([H])c4c3[H])c([H])c2[H])c2c([H])c([H])c(-c3sc4c([H])c([H])c(C#N)c([H])c4c3[H])c([H])c2[H])c([H])c1[H]
40.0,4.0,4.0,28.0,1.0,0.0,0.0,77.0,41.0,41.0,83.0,55.0,41.0,10.0,0.0,0.0,0.0,0.0,0.0,0.0,0.0,0.0,0.0,660.1831263760005,0.8979591836734694,11.838099999999988,197.8657999999998,0.0,2.0,6.0,0.0,1.0,0.0,0.0,0.0,0.0,0.0,0.0,7.5036906338,-5.15349,-2.35765,2.79584,-66834.30106026461,0.007481435412132062,0.001287610324140851,0.001118922376251605,17.4985461538461,22.1251923076923,1.04058418037941,0.760042178261284,C40H28N4O4S,[H]c1c([H])c([H])c(N(c2c([H])c([H])c([H])c([H])c2[H])c2c([H])c([H])c(-c3sc(-c4c([H])c([H])c(N(c5c([H])c([H])c([H])c([H])c5[H])c5c([H])c([H])c([H])c([H])c5[H])c([H])c4[H])c([N+](=O)[O-])c3[N+](=O)[O-])c([H])c2[H])c([H])c1[H]
39.0,3.0,0.0,27.0,2.0,0.0,0.0,71.0,36.0,36.0,77.0,47.0,38.0,8.0,0.0,0.0,0.0,0.0,0.0,0.0,0.0,0.0,0.0,601.1646398640005,1.4772727272727273,11.588419999999994,186.4039999999998,0.07692307692307693,1.0,3.0,0.0,2.0,0.0,0.0,2.0,0.0,0.0,0.0,3.2956623727,-5.35847,-2.01515,3.343319999999999,-66952.9495653349,0.006171455428289168,0.001491343631199457,0.001243248660793546,19.1474646153846,22.038,1.07929996653754,0.805001951685208,C39H27N3S2,[H]c1c([H])c(N(c2c([H])c([H])c(-c3sc4c([H])c([H])c(C#N)c([H])c4c3[H])c([H])c2[H])c2c(C([H])([H])[H])c([H])c(C([H])([H])[H])c([H])c2C([H])([H])[H])c([H])c([H])c1-c1sc2c([H])c([H])c(C#N)c([H])c2c1[H]
40.0,3.0,0.0,29.0,2.0,0.0,0.0,74.0,36.0,36.0,80.0,47.0,38.0,5.0,0.0,0.0,0.0,0.0,0.0,0.0,0.0,0.0,0.0,615.1802899280005,1.4,11.96065999999999,190.89299999999977,0.1,1.0,3.0,0.0,2.0,0.0,0.0,2.0,0.0,0.0,0.0,3.6484335123,-5.29599,-2.03538,3.26061,-68020.88693152022,0.004019284585390566,0.001533842522784868,0.001136735364266819,20.8776307692308,23.4043076923077,1.09473989022155,0.814843996793874,C40H29N3S2,[H]c1c([H])c(N(c2c([H])c([H])c(-c3sc4c([H])c([H])c(C#N)c([H])c4c3[H])c([H])c2[H])c2c([H])c([H])c(C(C([H])([H])[H])(C([H])([H])[H])C([H])([H])[H])c([H])c2[H])c([H])c([H])c1-c1sc2c([H])c([H])c(C#N)c([H])c2c1[H]
30.0,3.0,0.0,19.0,2.0,0.0,0.0,54.0,28.0,28.0,58.0,39.0,28.0,6.0,0.0,0.0,0.0,0.0,0.0,0.0,0.0,0.0,0.0,485.10203960800027,1.7714285714285714,9.043959999999998,146.95399999999998,0.0,1.0,3.0,0.0,2.0,0.0,0.0,0.0,0.0,0.0,0.0,12.1067826332,-5.23042,-2.98299,2.24743,-57500.49790934258,0.01854236676001173,0.001824693962038288,0.001698759652783457,17.5758628571428,21.9835238095238,1.03564934127786,0.771981003829398,C30H19N3S2,[H]C(=C(C#N)C#N)c1sc(-c2sc(-c3c([H])c([H])c(N(c4c([H])c([H])c([H])c([H])c4[H])c4c([H])c([H])c([H])c([H])c4[H])c([H])c3[H])c([H])c2[H])c([H])c1[H]
52.0,5.0,2.0,43.0,1.0,0.0,0.0,103.0,50.0,47.0,112.0,61.0,49.0,14.0,2.0,0.0,0.0,0.0,0.0,0.0,0.0,0.0,0.0,801.313746616001,1.5166666666666666,12.906299999999986,243.99199999999954,0.15384615384615385,1.0,3.0,0.0,1.0,0.0,2.0,0.0,0.0,0.0,0.0,4.0751026742,-5.63497,-2.39508,3.23989,-76913.00285854685,0.004240998055587755,0.0009713804717722016,0.0008167974998872699,15.3445384615385,21.9061538461538,0.940927418716247,0.744443209163312,C52H43N5O2S,[H]c1c([H])c([H])c(-n2c(-c3c([H])c([H])c(-c4sc(-c5c([H])c([H])c(-c6nc7c([H])c([H])c([H])c([H])c7n6-c6c([H])c([H])c([H])c([H])c6[H])c([H])c5[H])c5c4C(=O)N(C([H])([H])[C@@]([H])(C([H])([H])C([H])([H])[H])C([H])([H])C([H])([H])C([H])([H])C([H])([H])[H])C5=O)c([H])c3[H])nc3c([H])c([H])c([H])c([H])c32)c([H])c1[H]
42.0,5.0,0.0,23.0,4.0,0.0,0.0,74.0,38.0,38.0,80.0,57.0,38.0,9.0,0.0,0.0,0.0,0.0,0.0,0.0,0.0,0.0,0.0,725.0836297360005,1.2156862745098038,12.931519999999987,212.78299999999976,0.0,1.0,3.0,0.0,4.0,0.0,0.0,0.0,0.0,0.0,0.0,4.8294401004,-5.36109,-3.15705,2.20404,-94628.31737036273,0.004828200712993993,0.0006851759703211595,0.0006086542629846633,21.43296,23.5392307692308,1.10491648983009,0.824063031942389,C42H23N5S4,[H]C(=C(C#N)C#N)c1sc(-c2sc(-c3c([H])c([H])c(N(c4c([H])c([H])c([H])c([H])c4[H])c4c([H])c([H])c(-c5sc(-c6sc(C([H])=C(C#N)C#N)c([H])c6[H])c([H])c5[H])c([H])c4[H])c([H])c3[H])c([H])c2[H])c([H])c1[H]
44.0,4.0,8.0,36.0,1.0,0.0,0.0,93.0,41.0,41.0,99.0,59.0,41.0,18.0,0.0,0.0,0.0,0.0,0.0,0.0,0.0,0.0,0.0,780.2253851120006,0.8771929824561403,11.87249999999999,224.07379999999972,0.09090909090909091,2.0,6.0,0.0,1.0,0.0,0.0,0.0,0.0,0.0,0.0,6.8787030637,-4.77383,-2.23414,2.53969,-79283.77771678737,0.004161748578586286,0.0008728901613727632,0.0007347632757356066,17.7295630769231,21.7749230769231,1.05004815669135,0.775411409042942,C44H36N4O8S,[H]c1c([H])c(N(c2c([H])c([H])c(OC([H])([H])[H])c([H])c2[H])c2c([H])c([H])c(-c3sc(-c4c([H])c([H])c(N(c5c([H])c([H])c(OC([H])([H])[H])c([H])c5[H])c5c([H])c([H])c(OC([H])([H])[H])c([H])c5[H])c([H])c4[H])c([N+](=O)[O-])c3[N+](=O)[O-])c([H])c2[H])c([H])c([H])c1OC([H])([H])[H]
48.0,2.0,2.0,34.0,1.0,0.0,0.0,87.0,49.0,48.0,95.0,57.0,48.0,8.0,0.0,0.0,0.0,0.0,0.0,0.0,0.0,0.0,0.0,702.2340993280005,0.8867924528301887,12.773399999999986,217.56779999999972,0.0,2.0,6.0,0.0,0.0,0.0,0.0,0.0,0.0,3.0,0.0,7.5268564277,-5.20262,-1.81866,3.38396,-68155.56900995508,0.003087036032580041,0.001310060813095888,0.0010520753387601,18.5644064516129,23.8572580645161,1.01204887883152,0.768880863359991,C48H34N2O2S,[H]c1c([H])c([H])c(N(c2c([H])c([H])c([H])c([H])c2[H])c2c([H])c([H])c(-c3c([H])c([H])c4c(c3[H])-c3c([H])c(-c5c([H])c([H])c(N(c6c([H])c([H])c([H])c([H])c6[H])c6c([H])c([H])c([H])c([H])c6[H])c([H])c5[H])c([H])c([H])c3S4(=O)=O)c([H])c2[H])c([H])c1[H]
32.0,3.0,2.0,25.0,3.0,0.0,0.0,65.0,26.0,23.0,70.0,37.0,25.0,10.0,2.0,0.0,0.0,0.0,0.0,0.0,0.0,0.0,0.0,579.1108900400006,1.975,9.067259999999997,164.0599999999998,0.25,1.0,3.0,0.0,3.0,0.0,0.0,2.0,0.0,0.0,0.0,4.9821791138,-6.269,-3.031,3.238,-74591.37931870768,0.005698474731295051,0.002830587590373936,0.001951759426975008,15.0682448979592,21.4964285714286,0.955212099864689,0.733831825810906,C32H25N3O2S3,[H]c1c(C#N)c([H])c2c([H])c(-c3sc(-c4sc5c([H])c([H])c(C#N)c([H])c5c4[H])c4c3C(=O)N(C([H])([H])[C@@]([H])(C([H])([H])C([H])([H])[H])C([H])([H])C([H])([H])C([H])([H])C([H])([H])[H])C4=O)sc2c1[H]
48.0,4.0,0.0,34.0,0.0,0.0,0.0,86.0,50.0,50.0,94.0,60.0,52.0,8.0,0.0,0.0,0.0,0.0,0.0,0.0,0.0,0.0,0.0,666.2783470880006,0.9038461538461539,13.056599999999984,217.28199999999973,0.0,2.0,6.0,0.0,0.0,0.0,0.0,0.0,0.0,0.0,0.0,2.6773711018,-5.0264,-1.61816,3.40824,-56214.41992272913,0.01080078909825005,0.0007179245401577692,0.0006794582718842627,17.6048888888889,22.1319047619048,1.00865751696344,0.78862541018667,C48H34N4,[H]c1nc2c(c([H])c1-c1c([H])c([H])c(N(c3c([H])c([H])c([H])c([H])c3[H])c3c([H])c([H])c([H])c([H])c3[H])c([H])c1[H])c([H])c([H])c1c([H])c(-c3c([H])c([H])c(N(c4c([H])c([H])c([H])c([H])c4[H])c4c([H])c([H])c([H])c([H])c4[H])c([H])c3[H])c([H])nc12
42.0,3.0,1.0,33.0,0.0,0.0,0.0,79.0,42.0,42.0,85.0,51.0,42.0,9.0,0.0,0.0,0.0,0.0,0.0,0.0,0.0,0.0,0.0,595.2623626760005,1.0,10.658899999999992,191.9209999999998,0.023809523809523808,2.0,6.0,0.0,0.0,0.0,0.0,0.0,0.0,0.0,0.0,5.9213392721,-4.76206,-1.08216,3.6799,-50540.4999735629,0.008197316064008349,0.001441702413540546,0.001247469672448839,19.9314349206349,23.0904761904762,1.06499809146147,0.810507143755386,C42H33N3O,[H]c1c([H])c([H])c(N(c2c([H])c([H])c([H])c([H])c2[H])c2c([H])c([H])c(-c3c([H])n(C([H])([H])[H])c([H])c(-c4c([H])c([H])c(N(c5c([H])c([H])c([H])c([H])c5[H])c5c([H])c([H])c([H])c([H])c5[H])c([H])c4[H])c3=O)c([H])c2[H])c([H])c1[H]
30.0,0.0,4.0,22.0,2.0,0.0,0.0,58.0,36.0,28.0,64.0,36.0,28.0,4.0,0.0,0.0,0.0,0.0,0.0,0.0,0.0,0.0,0.0,510.09595118400034,1.4166666666666667,8.020000000000005,145.9199999999999,0.13333333333333333,0.0,0.0,0.0,2.0,0.0,0.0,0.0,0.0,2.0,0.0,4.5701847693,-5.27584,-1.25008,4.02576,-61263.8921001674,0.01026918119948346,0.0018702222641058,0.001620485389259607,14.745785915493,20.2840845070423,0.97909912454109,0.742481865608738,C30H22O4S2,[H]c1sc(-c2c([H])c([H])c(-c3c([H])c([H])c([H])c(-c4c([H])c([H])c(-c5sc([H])c6c5OC([H])([H])C([H])([H])O6)c([H])c4[H])c3[H])c([H])c2[H])c2c1OC([H])([H])C([H])([H])O2
28.0,5.0,0.0,17.0,1.0,0.0,0.0,51.0,27.0,27.0,55.0,38.0,28.0,5.0,0.0,0.0,0.0,0.0,0.0,0.0,0.0,0.0,0.0,455.1204665440002,1.911764705882353,7.258660000000003,136.737,0.0,1.0,3.0,0.0,0.0,0.0,0.0,0.0,0.0,1.0,0.0,10.499767878,-5.42497,-3.31926,2.10571,-47541.88377722089,0.01498889700822362,0.002993850285832253,0.002538654098808232,15.4988461538461,21.8138461538462,0.947315623594484,0.750019269655838,C28H17N5S,[H]C(=C(C#N)C#N)c1c([H])c([H])c(-c2c([H])c([H])c(N(c3c([H])c([H])c([H])c([H])c3[H])c3c([H])c([H])c([H])c([H])c3[H])c([H])c2[H])c2nsnc12
26.0,3.0,0.0,17.0,1.0,0.0,0.0,47.0,23.0,23.0,50.0,33.0,23.0,5.0,0.0,0.0,0.0,0.0,0.0,0.0,0.0,0.0,0.0,403.1143185440002,1.8333333333333333,7.315460000000004,123.641,0.0,1.0,3.0,0.0,1.0,0.0,0.0,0.0,0.0,0.0,0.0,10.0593693707,-5.3626,-2.83163,2.530969999999999,-42495.06630728279,0.01931365651252109,0.003677806111681979,0.003211324369493577,19.5110666666667,23.4163333333333,1.07406441346709,0.775767879272411,C26H17N3S,[H]C(=C(C#N)C#N)c1sc(-c2c([H])c([H])c(N(c3c([H])c([H])c([H])c([H])c3[H])c3c([H])c([H])c([H])c([H])c3[H])c([H])c2[H])c([H])c1[H]
50.0,2.0,2.0,36.0,0.0,0.0,0.0,90.0,48.0,48.0,97.0,61.0,48.0,11.0,2.0,0.0,0.0,0.0,0.0,0.0,0.0,0.0,0.0,696.2776783920006,0.7222222222222222,13.025799999999986,221.7829999999997,0.0,2.0,6.0,0.0,0.0,0.0,0.0,0.0,0.0,2.0,0.0,3.1165021426,-5.13821,-2.24816,2.89005,-59430.739097771,0.008601877275572475,0.0005907146298933411,0.0005801913089877029,15.2375149342891,20.694743130227,0.99566109788133,0.739507469914295,C50H36N2O2,[H]c1c([H])c([H])c(N(c2c([H])c([H])c([H])c([H])c2[H])c2c([H])c([H])c(-c3c([H])c([H])c(C(=O)C(=O)c4c([H])c([H])c(-c5c([H])c([H])c(N(c6c([H])c([H])c([H])c([H])c6[H])c6c([H])c([H])c([H])c([H])c6[H])c([H])c5[H])c([H])c4[H])c([H])c3[H])c([H])c2[H])c([H])c1[H]
56.0,5.0,0.0,39.0,0.0,0.0,0.0,100.0,60.0,60.0,110.0,71.0,62.0,9.0,0.0,0.0,0.0,0.0,0.0,0.0,0.0,0.0,0.0,781.3205462480009,0.9836065573770492,14.50219999999998,252.12499999999957,0.0,1.0,3.0,0.0,0.0,0.0,2.0,0.0,0.0,2.0,0.0,3.5169441901,-5.03246,-1.47293,3.559530000000001,-66069.38044326122,0.003280165625894005,0.0007503673308482483,0.0006247376992834387,16.1902031063321,21.5439068100358,1.0069489624813,0.746311916998383,C56H39N5,[H]c1c([H])c([H])c(N(c2c([H])c([H])c(-c3c([H])c([H])c(-c4nc5c([H])c([H])c([H])c([H])c5n4-c4c([H])c([H])c([H])c([H])c4[H])c([H])c3[H])c([H])c2[H])c2c([H])c([H])c(-c3c([H])c([H])c(-c4nc5c([H])c([H])c([H])c([H])c5n4-c4c([H])c([H])c([H])c([H])c4[H])c([H])c3[H])c([H])c2[H])c([H])c1[H]
34.0,1.0,0.0,23.0,2.0,0.0,0.0,60.0,36.0,36.0,66.0,43.0,38.0,5.0,0.0,0.0,0.0,0.0,0.0,0.0,0.0,0.0,0.0,509.12719173600044,1.3243243243243243,10.919799999999997,162.76299999999992,0.0,1.0,3.0,0.0,2.0,0.0,0.0,2.0,0.0,0.0,0.0,0.3578974308,-4.96238,-1.58938,3.372999999999999,-58734.32772601196,0.00844671105007723,0.002165228924830127,0.00176575380185884,18.06558,22.2516666666667,1.05198478087356,0.771755808546023,C34H23NS2,[H]c1c([H])c([H])c(N(c2c([H])c([H])c(-c3sc4c([H])c([H])c([H])c([H])c4c3[H])c([H])c2[H])c2c([H])c([H])c(-c3sc4c([H])c([H])c([H])c([H])c4c3[H])c([H])c2[H])c([H])c1[H]
43.0,4.0,0.0,32.0,0.0,0.0,0.0,79.0,42.0,42.0,85.0,53.0,42.0,9.0,0.0,0.0,0.0,0.0,0.0,1.0,0.0,0.0,0.0,604.2626970240005,1.1702127659574468,11.41407999999999,195.80739999999977,0.0,2.0,6.0,0.0,0.0,0.0,0.0,0.0,0.0,2.0,0.0,4.7825667294,-4.94937,-1.28162,3.66775,-51003.32888034317,0.006638811357633134,0.001516231551281041,0.001259999793392628,17.72946,21.54,1.00363816795439,0.820111005940037,C43H32N4,[H]c1c([H])c([H])c(N(c2c([H])c([H])c([H])c([H])c2[H])c2c([H])c([H])c(-c3c([H])c(C#N)c(N([H])[H])c(-c4c([H])c([H])c(N(c5c([H])c([H])c([H])c([H])c5[H])c5c([H])c([H])c([H])c([H])c5[H])c([H])c4[H])c3[H])c([H])c2[H])c([H])c1[H]
37.0,1.0,0.0,29.0,2.0,0.0,0.0,69.0,36.0,36.0,75.0,43.0,38.0,8.0,0.0,0.0,0.0,0.0,0.0,0.0,0.0,0.0,0.0,551.1741419280006,1.475,11.845059999999993,176.97399999999988,0.08108108108108109,1.0,3.0,0.0,2.0,0.0,0.0,2.0,0.0,0.0,0.0,1.1726670599,-4.94013,-1.53461,3.40552,-61939.15362638767,0.006502296448954059,0.002070725219814904,0.001634528067317035,17.4985461538461,22.1251923076923,1.04058418037941,0.760042178261284,C37H29NS2,[H]c1c([H])c(N(c2c([H])c([H])c(-c3sc4c([H])c([H])c([H])c([H])c4c3[H])c([H])c2[H])c2c(C([H])([H])[H])c([H])c(C([H])([H])[H])c([H])c2C([H])([H])[H])c([H])c([H])c1-c1sc2c([H])c([H])c([H])c([H])c2c1[H]
30.0,5.0,2.0,21.0,1.0,0.0,0.0,59.0,27.0,27.0,63.0,40.0,28.0,9.0,0.0,0.0,0.0,0.0,0.0,0.0,0.0,0.0,0.0,515.1415959120003,1.868421052631579,7.275860000000004,149.841,0.06666666666666667,1.0,3.0,0.0,0.0,0.0,0.0,0.0,0.0,1.0,0.0,11.1414430502,-5.08697,-3.21871,1.86826,-53766.63966894893,0.008038519711809099,0.002450485831476841,0.001907223163068263,17.26606,21.6938333333333,0.984526918506248,0.808405671179955,C30H21N5O2S,[H]C(=C(C#N)C#N)c1c([H])c([H])c(-c2c([H])c([H])c(N(c3c([H])c([H])c(OC([H])([H])[H])c([H])c3[H])c3c([H])c([H])c(OC([H])([H])[H])c([H])c3[H])c([H])c2[H])c2nsnc12
38.0,9.0,0.0,19.0,2.0,0.0,0.0,68.0,36.0,36.0,74.0,55.0,38.0,7.0,0.0,0.0,0.0,0.0,0.0,0.0,0.0,0.0,0.0,665.1204836080004,1.3265306122448979,9.360919999999998,192.34899999999985,0.0,1.0,3.0,0.0,0.0,0.0,0.0,0.0,0.0,2.0,0.0,3.9847449437,-5.67797,-3.58838,2.08959,-74711.05286112461,0.005946718831343179,0.001220261609063268,0.001019880587656781,17.9469508196721,22.4370491803279,0.998985499549338,0.800692477648899,C38H19N9S2,[H]C(=C(C#N)C#N)c1c([H])c([H])c(-c2c([H])c([H])c(N(c3c([H])c([H])c([H])c([H])c3[H])c3c([H])c([H])c(-c4c([H])c([H])c(C([H])=C(C#N)C#N)c5nsnc45)c([H])c3[H])c([H])c2[H])c2nsnc12
38.0,1.0,0.0,35.0,0.0,0.0,0.0,74.0,30.0,30.0,78.0,39.0,30.0,7.0,0.0,0.0,0.0,0.0,0.0,0.0,0.0,0.0,0.0,505.27695012000066,1.1794871794871795,10.79469999999999,170.5649999999998,0.10526315789473684,1.0,3.0,0.0,0.0,0.0,0.0,0.0,0.0,0.0,0.0,1.329934789,-4.76784,-1.60287,3.164969999999999,-41409.92931548722,0.004985887570599604,0.002162396037444373,0.001542801728160431,16.84496,20.9586153846154,1.03640840299237,0.775490479798561,C38H35N,[H]/C(=C(\[H])c1c([H])c([H])c(N(c2c([H])c([H])c(/C([H])=C(/[H])c3c([H])c([H])c([H])c([H])c3[H])c([H])c2[H])c2c([H])c([H])c(C(C([H])([H])[H])(C([H])([H])[H])C([H])([H])[H])c([H])c2[H])c([H])c1[H])c1c([H])c([H])c([H])c([H])c1[H]
